명칭,도로명주소,단지분류,동수,세대수,면적(제곱미터),관리사무소연락처,관리기관,관리자 연락처,데이터기준일
행림마을삼성래미안1차,경기도 화성시 병점구 동탄지성로 333,아파트,10,621,,031-236-3721,병점구 도시건축과,031-5189-4236,2026-07-01
신동탄푸르지오,경기도 화성시 병점구 동탄지성로 405,아파트,16,993,,031-221-0360,병점구 도시건축과,031-5189-4236,2026-07-01
행복마을 참누리 에듀파크 1단지,경기도 화성시 병점구 동탄지성로 295,아파트,13,872,,031-225-9165,병점구 도시건축과,031-5189-4236,2026-07-01
행복마을 참누리 에듀파크 2단지,경기도 화성시 병점구 동탄지성로 295,아파트,7,330,,,병점구 도시건축과,031-5189-4236,2026-07-01
SK뷰파크2차,경기도 화성시 병점구 동탄지성로 256,아파트,14,1196,,031-267-3923,병점구 도시건축과,031-5189-4236,2026-07-01
우림그린빌리지,경기도 화성시 효행구 효행로265번길 17,아파트,7,642,,031-225-0880,효행구 도시건축과,031-5189-7710,2026-07-01
평생플러스빌,경기도 화성시 효행구 효행로275,아파트,4,259,,031-231-9004,효행구 도시건축과,031-5189-7710,2026-07-01
광도와이드빌,경기도 화성시 효행구 효행로 229-11,아파트,15,812,,031-232-2825,효행구 도시건축과,031-5189-7710,2026-07-01
기안마을풍성신미주,경기도 화성시 효행구 융건로 99,아파트,20,1164,,031-233-0723,효행구 도시건축과,031-5189-7710,2026-07-01
신일해피트리1차,경기도 화성시 효행구 효행로291번길 26,아파트,13,901,,031-221-0995,효행구 도시건축과,031-5189-7710,2026-07-01
화성우방아이유쉘 메가시티1단지,경기도 화성시 효행구 기배로30번길 7-30,아파트,5,420,,031-8043-5137,효행구 도시건축과,031-5189-7710,2026-07-01
화성우방아이유쉘 메가시티2단지,경기도 화성시 효행구 기배로 29,아파트,9,737,,031-898-8575,효행구 도시건축과,031-5189-7710,2026-07-01
남양우림그린빌리지,경기도 화성시 만세구 남양읍 남양성지로 8-5,아파트,12,938,93635.0,031-355-3477,만세구 현장민원실,031-5189-1392,2026-07-01
남양기산베스트빌,경기도 화성시 만세구 남양읍 남양로 624-8,아파트,4,270,29513.0,031-355-3603,만세구 현장민원실,031-5189-1392,2026-07-01
대광파인밸리1차,경기도 화성시 만세구 남양읍 시청로 221,아파트,14,1108,137632.0,031-355-3656,만세구 현장민원실,031-5189-1392,2026-07-01
금강에스쁘아,경기도 화성시 만세구 남양읍 화성로1081번길 49-10,아파트,4,280,31712.0,031-355-8365,만세구 현장민원실,031-5189-1392,2026-07-01
대광파인밸리골드,경기도 화성시 만세구 남양읍 시청로102번길 84,아파트,7,400,49719.0,031-356-8408,만세구 현장민원실,031-5189-1392,2026-07-01
금광포란재,경기도 화성시 만세구 남양읍 무하로111번길 50,아파트,4,284,29535.0,031-355-3157,만세구 현장민원실,031-5189-1392,2026-07-01
남양아이파크,경기도 화성시 만세구 남양읍 역골동로 70,아파트,5,265,47474.0,031-355-6452,만세구 현장민원실,031-5189-1392,2026-07-01
남양우림필유,경기도 화성시 만세구 남양읍 역골동로 94,아파트,6,344,56073.0,031-355-8033,만세구 현장민원실,031-5189-1392,2026-07-01
남양뉴타운 양우내안애,경기도 화성시 만세구 남양읍 시청로32번길 59,아파트,5,398,55980.0,031-357-8624,만세구 현장민원실,031-5189-1392,2026-07-01
양우내안애2차에듀타운,경기도 화성시 만세구 남양읍 시청로 102번길 12,아파트,9,460,63327.0,031-356-3554,만세구 현장민원실,031-5189-1392,2026-07-01
남양 시티프라디움 1차,경기도 화성시 만세구 남양읍 시청로102번길 51,아파트,12,813,139215.0,031-355-1237,만세구 현장민원실,031-5189-1392,2026-07-01
남양 시티프라디움 2차,경기도 화성시 만세구 남양읍 남양천로 45,아파트,9,499,125638.0,031-355-3320,만세구 현장민원실,031-5189-1392,2026-07-01
남양 시티프라디움 3차,경기도 화성시 만세구 남양읍 남양천로 17,아파트,7,438,73646.0,031-356-4222,만세구 현장민원실,031-5189-1392,2026-07-01
동광뷰엘,경기도 화성시 만세구 남양읍 역골중앙로 118,아파트,8,673,107026.0,031-357-6534,만세구 현장민원실,031-5189-1392,2026-07-01
남양 시티프라디움 4차,경기도 화성시 만세구 남양읍 남양로862번길 13,아파트,7,556,86974.0,031-355-3305,만세구 현장민원실,031-5189-1392,2026-07-01
화성시청역 센트럴파크 스타힐스1단지,경기도 화성시 만세구 남양읍 화성시청역로 1,아파트,10,1131,152603.0,031-8068-7773,만세구 현장민원실,031-5189-1392,2026-07-01
화성시청역 센트럴파크 스타힐스2단지,경기도 화성시 만세구 남양읍 화성시청역로 7,아파트,11,1005,142632.0,031-8068-7775,만세구 현장민원실,031-5189-1392,2026-07-01
화성시청역 센트럴파크 스타힐스3단지,경기도 화성시 만세구 남양읍 화성시청역로 14,아파트,8,847,119922.0,031-8068-7781,만세구 현장민원실,031-5189-1392,2026-07-01
화성시청역 서희스타힐스 4차 숲속마을,경기도 화성시 만세구 남양읍 고향의봄길 36,아파트,20,1846,264606.54,031-357-7688,만세구 현장민원실,031-5189-1392,2026-07-01
e편한세상 남양뉴타운,경기도 화성시 만세구 남양읍 남양로862번길 42,아파트,8,606,91084.0,031-355-6003,만세구 현장민원실,031-5189-1392,2026-07-01
화성시청역 리젠시 빌란트 아파트,경기도 화성시 만세구 남양읍 시청로 102번길 52,아파트,7,380,72079.0,031-355-3308,만세구 현장민원실,031-5189-1392,2026-07-01
서동탄역우남퍼스트빌(2차),경기도 화성시 병점구 10용사로 286,아파트,10,700,,031-224-3218,병점구 도시건축과,031-5189-4236,2026-07-01
서동탄역우남퍼스트빌(3차),경기도 화성시 병점구 10용사로 286,아파트,6,413,,,병점구 도시건축과,031-5189-4236,2026-07-01
푸른마을두산위브,경기도 화성시 동탄구 동탄공원로 21-40,아파트,11,915,,031-8003-0901,동탄구 도시건축과,031-5189-6740,2026-07-01
동탄숲속마을 능동역 리체 더 포레스트,경기도 화성시 동탄구 동탄숲속로 19,아파트,8,562,,031-613-4341,동탄구 도시건축과,031-5189-6740,2026-07-01
숲속마을모아미래도1단지,경기도 화성시 동탄구 동탄숲속로 96,아파트,16,870,,031-8003-0540,동탄구 도시건축과,031-5189-6740,2026-07-01
숲속마을모아미래도2단지,경기도 화성시 동탄구 동탄숲속로 36,아파트,5,361,,031-8003-0380,동탄구 도시건축과,031-5189-6740,2026-07-01
푸른마을모아미래도,경기도 화성시 동탄구 동탄공원로 21-11,아파트,13,926,,031-613-3707,동탄구 도시건축과,031-5189-6740,2026-07-01
동탄숲속마을광명메이루즈,경기도 화성시 동탄구 동탄숲속로 95,아파트,11,326,,031-613-6760,동탄구 도시건축과,031-5189-6740,2026-07-01
능동마을이지더원,경기도 화성시 동탄구 동탄원천로 315-34,아파트,10,542,,031-8003-2237,동탄구 도시건축과,031-5189-6740,2026-07-01
푸른마을포스코더샵,경기도 화성시 동탄구 동탄공원로 21-12,아파트,15,1226,,031-613-5033,동탄구 도시건축과,031-5189-6740,2026-07-01
숲속마을자연앤데시앙,경기도 화성시 동탄구 동탄숲속로 68,아파트,20,1289,,031-613-8461,동탄구 도시건축과,031-5189-6740,2026-07-01
동탄푸른마을신일해피트리,경기도 화성시 동탄구 동탄공원로 21-39,아파트,13,794,,031-8003-1740,동탄구 도시건축과,031-5189-6740,2026-07-01
동탄숲속마을자연앤경남아너스빌5블럭,경기도 화성시 동탄구 동탄숲속로 103,아파트,9,641,,031-8003-2063,동탄구 도시건축과,031-5189-6740,2026-07-01
능동역경남아너스빌,경기도 화성시 동탄구 동탄숲속로 69,아파트,6,455,,031-8003-2072,동탄구 도시건축과,031-5189-6740,2026-07-01
서동탄역파크자이,경기도 화성시 병점구 서동탄로 53,아파트,11,982,,031-898-6345,병점구 도시건축과,031-5189-4236,2026-07-01
서동탄역파크자이2차,경기도 화성시 병점구 서동탄로 11,아파트,5,376,,031-226-8961,병점구 도시건축과,031-5189-4236,2026-07-01
서동탄역 양우내안애,경기도 화성시 병점구 서동탄로 71,아파트,6,447,,031-8003-0994,병점구 도시건축과,031-5189-4236,2026-07-01
호반베르디움센트럴포레,경기도 화성시 동탄구 동탄신리천로1길 74,아파트,22,1695,,031-373-7215,동탄구 도시건축과,031-5189-6759,2026-07-01
동탄2 르파비스,경기도 화성시 동탄구 동탄순환대로20길 115,아파트,10,876,,031-372-4471,동탄구 도시건축과,031-5189-6759,2026-07-01
호반베르디움22단지,경기도 화성시 동탄구 동탄순환대로 20길 104,아파트,10,746,,031-377-6657,동탄구 도시건축과,031-5189-6759,2026-07-01
동탄금강펜테리움센트럴파크4,경기도 화성시 동탄구 동탄순환대로20길 45,아파트,18,1195,,031-378-6883,동탄구 도시건축과,031-5189-6759,2026-07-01
e편한세상 동탄,경기도 화성시 동탄구 동탄순환대로20길 31,아파트,19,1526,,031-378-8767,동탄구 도시건축과,031-5189-6759,2026-07-01
동탄2 한신더휴,경기도 화성시 동탄구 동탄순환대로20길 70,아파트 ,11,930,,031-378-2496,동탄구 도시건축과,031-5189-6759,2026-07-01
동탄2신도시베라체,경기도 화성시 동탄구 동탄순환대로20길 13,아파트 ,10,859,,031-376-4090,동탄구 도시건축과,031-5189-6759,2026-07-01
힐스테이트 동탄,경기도 화성시 동탄구 동탄순환대로19길 59,아파트,16,1479,,031-372-5787,동탄구 도시건축과,031-5189-6759,2026-07-01
동탄동원로얄듀크2차,경기도 화성시 동탄구 동탄순환대로19길 21,아파트,8,761,,031-378-1812,동탄구 도시건축과,031-5189-6759,2026-07-01
동탄시범다은마을 메타역 롯데캐슬,경기도 화성시 동탄구 메타폴리스로 22,아파트,6,429,,031-8050-0850,동탄구 도시건축과,031-5189-6749,2026-07-01
시범다은마을포스코더샵,경기도 화성시 동탄구 동탄문화센터로 39,아파트,8,514,,031-613-0202,동탄구 도시건축과,031-5189-6749,2026-07-01
동탄시범한빛마을KCC스위첸,경기도 화성시 동탄구 동탄시범한빛길 38,아파트,6,484,,031-613-3331,동탄구 도시건축과,031-5189-6749,2026-07-01
동탄시범한빛마을아이파크,경기도 화성시 동탄구 동탄지성로 42,아파트,8,748,,031-613-4646,동탄구 도시건축과,031-5189-6749,2026-07-01
시범다은마을삼성래미안,경기도 화성시 동탄구 메타폴리스로 6,아파트,7,514,,031-377-0742,동탄구 도시건축과,031-5189-6749,2026-07-01
동탄금호어울림,경기도 화성시 동탄구 동탄중앙로 213,아파트,5,548,,031-613-6363,동탄구 도시건축과,031-5189-6749,2026-07-01
삼부르네상스,경기도 화성시 동탄구 동탄반석로 207,아파트,10,732,,031-613-6013,동탄구 도시건축과,031-5189-6749,2026-07-01
시범다은마을우남퍼스트빌,경기도 화성시 동탄구 동탄중앙로 171,아파트,8,610,,031-613-1788,동탄구 도시건축과,031-5189-6749,2026-07-01
시범한빛마을한화꿈에그린,경기도 화성시 동탄구 동탄시범한빛길 10,아파트,6,534,,031-613-6208,동탄구 도시건축과,031-5189-6749,2026-07-01
동탄시범다은마을 월드메르디앙 반도유보라,경기도 화성시 동탄구 동탄중앙로 189,아파트,18,1473,,031-613-0351,동탄구 도시건축과,031-5189-6749,2026-07-01
동탄나루마을 동탄역 U.BORA 여울숲 1.0,경기도 화성시 동탄구 동탄반석로 16,아파트,8,568,,031-613-1536,동탄구 도시건축과,031-5189-6749,2026-07-01
솔빛마을쌍용예가,경기도 화성시 동탄구 동탄반석로 71,아파트,14,938,,031-8003-5300,동탄구 도시건축과,031-5189-6749,2026-07-01
솔빛마을신도브래뉴,경기도 화성시 동탄구 동탄반석로 70,아파트,8,584,,031-613-1920,동탄구 도시건축과,031-5189-6749,2026-07-01
나루마을 동탄역 유보라 여울숲2.0(동탄 나루마을 월드메르디앙 반도유보라 2차),경기도 화성시 동탄구 동탄나루로 55,아파트,12,700,,031-613-5596,동탄구 도시건축과,031-5189-6749,2026-07-01
솔빛마을경남아너스빌,경기도 화성시 동탄구 동탄반석로 96,아파트,7,622,,031-613-6531,동탄구 도시건축과,031-5189-6749,2026-07-01
한화우림,경기도 화성시 동탄구 동탄반석로 42,아파트,8,724,,031-613-0972,동탄구 도시건축과,031-5189-6749,2026-07-01
동탄2차한화꿈에그린,경기도 화성시 동탄구 동탄중앙로 51,아파트,10,784,,031-613-2301,동탄구 도시건축과,031-5189-6749,2026-07-01
동탄나루마을신도브래뉴,경기도 화성시 동탄구 동탄반석로 41,아파트,10,809,,031-613-5582,동탄구 도시건축과,031-5189-6749,2026-07-01
솔빛마을서해그랑블,경기도 화성시 동탄구 동탄문화센터로 38,아파트,11,727,,031-613-4051,동탄구 도시건축과,031-5189-6749,2026-07-01
시범다은마을 센트럴파크뷰,경기도 화성시 동탄구 동탄공원로1길 6-59,아파트,6,438,,031-8003-2114,동탄구 도시건축과,031-5189-6749,2026-07-01
동탄우림필유타운하우스,경기도 화성시 동탄구 동탄공원로1길 6-60,연립주택,18,286,,031-8050-9140,동탄구 도시건축과,031-5189-6749,2026-07-01
동탄센트럴포레스트,경기도 화성시 동탄구 동탄중앙로 119-14,아파트,9,503,,031-8015-1041,동탄구 도시건축과,031-5189-6749,2026-07-01
동탄위버폴리스,경기도 화성시 동탄구 동탄지성로 17,주상복합,2,198,,031-8003-4801,동탄구 도시건축과,031-5189-6749,2026-07-01
"동탄메타폴리스(1,2단지 공동관리)",경기도 화성시 동탄구 동탄중앙로 220,주상복합,4,1266,,031-8015-2222,동탄구 도시건축과,031-5189-6749,2026-07-01
동탄파라곤1차,경기도 화성시 동탄구 동탄반석로 172,주상복합,3,278,,031-8015-2185,동탄구 도시건축과,031-5189-6749,2026-07-01
동탄하이페리온,경기도 화성시 동탄구 동탄반석로 156,주상복합,2,180,,031-8015-4360,동탄구 도시건축과,031-5189-6749,2026-07-01
나노시티역 롯데캐슬,경기도 화성시 병점구 효행로 1337-26,아파트,12,999,,031-898-8960,병점구 도시건축과,031-5189-4739,2026-07-01
신영통현대3단지,경기도 화성시 병점구 영통로27번길 35,아파트,11,800,,031-202-9290,병점구 도시건축과,031-5189-4739,2026-07-01
신영통현대1단지,경기도 화성시 병점구 영통로61번길 10,아파트,12,896,,031-273-4038,병점구 도시건축과,031-5189-4739,2026-07-01
신영통현대2단지,경기도 화성시 병점구 영통로27번길 53,아파트,16,1220,,031-306-4441,병점구 도시건축과,031-5189-4739,2026-07-01
신영통현대4단지,경기도 화성시 병점구 영통로27번길 20,아파트,8,576,,031-273-6208,병점구 도시건축과,031-5189-4739,2026-07-01
행림마을삼성래미안2차,경기도 화성시 병점구 동탄지성로 334,아파트,5,264,,031-239-1601,병점구 도시건축과,031-5189-4739,2026-07-01
반달마을두산위브1단지,경기도 화성시 병점구 영통로50번길 27,아파트,11,690,,031-203-8802,병점구 도시건축과,031-5189-4739,2026-07-01
반달마을두산위브2단지,경기도 화성시 병점구 영통로50번길 14,아파트,6,352,,031-273-3316,병점구 도시건축과,031-5189-4739,2026-07-01
반달마을푸르지오,경기도 화성시 병점구 영통로26번길 24,아파트,7,530,,031-203-4153,병점구 도시건축과,031-5189-4739,2026-07-01
신동탄 SK뷰,경기도 화성시 병점구 동탄원천로 382-37,아파트,25,1967,,031-221-1783,병점구 도시건축과,031-5189-4739,2026-07-01
반월자이더파크,경기도 화성시 병점구 동탄지성로 394,아파트,8,468,,031-234-8500,병점구 도시건축과,031-5189-4739,2026-07-01
이편한세상 반월나노시티역,경기도 화성시 병점구 효행로 1337-23,아파트,12,1387,,031-238-0098,병점구 도시건축과,031-5189-4739,2026-07-01
신동탄 포레자이,경기도 화성시 병점구 영통로60번길 31,아파트,12,1297,,031-547-9522,병점구 도시건축과,031-5189-4739,2026-07-01
반정아이파크캐슬4단지아파트,경기도 화성시 병점구 동탄지성로469번길 59,아파트,14,986,,031-205-9365,병점구 도시건축과,031-5189-4236,2026-07-01
반정아이파크캐슬5단지아파트,경기도 화성시 병점구 동탄지성로469번길 60,아파트,20,1378,,031-273-9743,병점구 도시건축과,031-5189-4236,2026-07-01
대창그린,경기도 화성시 병점구 병점2로 15,아파트,7,392,,031-222-7757,병점구 도시건축과,031-5189-4739,2026-07-01
태안주공1단지,경기도 화성시 병점구 병점2로 35,아파트,15,1044,,031-308-3743,병점구 도시건축과,031-5189-4739,2026-07-01
병점한신,경기도 화성시 병점구 병점1로 82,아파트,10,1106,,031-307-3838,병점구 도시건축과,031-5189-4739,2026-07-01
병점신미주,경기도 화성시 병점구 효행로1156번길 22,아파트,6,470,,031-225-6551,병점구 도시건축과,031-5189-4739,2026-07-01
남수원 두산,경기도 화성시 병점구 병점서로 8,아파트,14,694,,031-226-6088,병점구 도시건축과,031-5189-4739,2026-07-01
병점역한일타운,경기도 화성시 병점구 태안로 85,아파트,6,572,,031-223-4489,병점구 도시건축과,031-5189-4739,2026-07-01
병점성호,경기도 화성시 병점구 10용사로 221,아파트,5,594,,031-222-6882,병점구 도시건축과,031-5189-4739,2026-07-01
우남퍼스트빌3차,경기도 화성시 병점구 태안로 50,아파트,9,585,,031-235-9724,병점구 도시건축과,031-5189-4739,2026-07-01
병점역에듀포레,경기도 화성시 병점구 병점2로 78,아파트,9,778,,031-233-1540,병점구 도시건축과,031-5189-4739,2026-07-01
느치미마을태안주공2단지,경기도 화성시 병점구 병점3로 74,아파트,11,649,,031-232-6571,병점구 도시건축과,031-5189-4739,2026-07-01
안화동마을 주공7단지,경기도 화성시 병점구 병점3로 158,아파트,9,742,,031-232-7631,병점구 도시건축과,031-5189-4739,2026-07-01
병점역 센트럴허브시티,경기도 화성시 병점구 병점1로 65,아파트,20,1499,,031-891-0102,병점구 도시건축과,031-5189-4739,2026-07-01
구봉마을우남퍼스트빌,경기도 화성시 병점구 병점동로 23,아파트,5,477,,031-221-8380,병점구 도시건축과,031-5189-4739,2026-07-01
안화동마을 주공5단지,경기도 화성시 병점구 병점2로 103,아파트,7,554,,031-236-4063,병점구 도시건축과,031-5189-4739,2026-07-01
안화마을우남퍼스트빌2차,경기도 화성시 병점구 효행로 1076-9,아파트,8,504,,031-226-4073,병점구 도시건축과,031-5189-4739,2026-07-01
신창2차비바훼밀리,경기도 화성시 병점구 병점2로 102,아파트,9,765,,031-304-3201,병점구 도시건축과,031-5189-4739,2026-07-01
병점역센트럴뷰,경기도 화성시 병점구 병점3로 88,아파트,8,498,,031-225-2158,병점구 도시건축과,031-5189-4739,2026-07-01
안화동마을 주공9단지,경기도 화성시 병점구 병점3로 117,아파트,9,786,,031-223-3072,병점구 도시건축과,031-5189-4739,2026-07-01
다정마을 병점역 신한에스빌 1단지,경기도 화성시 병점구 병점3로 53,아파트,10,469,,031-222-0697,병점구 도시건축과,031-5189-4739,2026-07-01
신한에스빌다정마을2단지,경기도 화성시 병점구 병점3로 54,아파트,3,194,,031-224-2873,병점구 도시건축과,031-5189-4739,2026-07-01
임광그대가,경기도 화성시 병점구 병점중앙로21번길 26,아파트,6,316,,031-236-8655,병점구 도시건축과,031-5189-4739,2026-07-01
병점SK뷰,경기도 화성시 병점구 경기대로 990,주상복합,6,228,,031-236-7888,병점구 도시건축과,031-5189-4739,2026-07-01
병점효성해링턴플레이스,경기도 화성시 병점구 떡전골로 60,주상복합,5,231,,031-898-5414,병점구 도시건축과,031-5189-4739,2026-07-01
병점역 양우내안애,경기도 화성시 병점구 병점중앙로21번길 32,아파트,4,268,,031-898-9046,병점구 도시건축과,031-5189-4739,2026-07-01
병점역 아이파크캐슬,경기도 화성시 병점구 병점노을로 31,아파트,27,2666,,031-267-0597,병점구 도시건축과,031-5189-4739,2026-07-01
e편한세상 신봉담,경기도 화성시 효행구 봉담읍 상리1길 127,아파트,7,898,102712.0,031-298-9342,효행구 도시건축과,031-5189-7709,2026-07-01
기산베스트빌,경기도 화성시 효행구 봉담읍 유리마을길 79,아파트,5,408,44302.0,031-297-7192,효행구 도시건축과,031-5189-7709,2026-07-01
다온마을쌍용스윗닷홈,경기도 화성시 효행구 봉담읍 와우로34번길 30,아파트,19,767,88939.0,031-221-4527,효행구 도시건축과,031-5189-7709,2026-07-01
동화마을신동아파밀리에,경기도 화성시 효행구 봉담읍 동화새터길 55-39,아파트,9,699,117405.0,031-227-0806,효행구 도시건축과,031-5189-7709,2026-07-01
봉담그대가3단지,경기도 화성시 효행구 봉담읍 와우로15번길 10,아파트,19,1036,170060.0,031-222-1407,효행구 도시건축과,031-5189-7709,2026-07-01
봉담동문굿모닝힐,경기도 화성시 효행구 봉담읍 상봉길 35-10,아파트,6,442,65369.0,031-298-3845,효행구 도시건축과,031-5189-7709,2026-07-01
봉담동일하이빌,경기도 화성시 효행구 봉담읍 동화길 82,아파트,9,750,168984.0,031-278-1575,효행구 도시건축과,031-5189-7709,2026-07-01
봉담비바패밀리1단지,경기도 화성시 효행구 봉담읍 수영로 61-14,아파트,13,766,139176.0,031-291-7151,효행구 도시건축과,031-5189-7709,2026-07-01
봉담센트럴푸르지오,경기도 화성시 효행구 봉담읍 와우로 34번길 12,아파트,12,1265,180233.0,031-224-1265,효행구 도시건축과,031-5189-7709,2026-07-01
봉담신명,경기도 화성시 효행구 봉담읍 와우로34번길 63,아파트,5,488,53523.0,031-226-1121,효행구 도시건축과,031-5189-7709,2026-07-01
봉담신일해피트리2차,경기도 화성시 효행구 봉담읍 효행로 370-6,아파트,7,500,,031-226-4542,효행구 도시건축과,031-5189-7709,2026-07-01
봉담신창비바패밀리2단지,경기도 화성시 효행구 봉담읍 수영로82번길 4,아파트,6,444,73863.0,031-291-0667,효행구 도시건축과,031-5189-7709,2026-07-01
봉담아이파크,경기도 화성시 효행구 봉담읍 와우로34번길 11,아파트,8,829,146686.0,031-222-8134,효행구 도시건축과,031-5189-7709,2026-07-01
봉담임광그대가1단지,경기도 화성시 효행구 봉담읍 와우로73번길 22,아파트,5,350,49249.0,031-224-9667,효행구 도시건축과,031-5189-7709,2026-07-01
봉담코아루카보드줌시티,경기도 화성시 효행구 봉담읍 샘마을길 4-16,도시형생활주택,1,288,15280.0,031-548-0678,효행구 도시건축과,031-5189-7709,2026-07-01
봉담한신,경기도 화성시 효행구 봉담읍 샘마을길 24,아파트,5,617,65372.0,031-227-5948,효행구 도시건축과,031-5189-7709,2026-07-01
봉담한신더휴에듀파크,경기도 화성시 효행구 봉담읍 와우로 18,아파트,11,1140,154899.0,031-267-4467,효행구 도시건축과,031-5189-7709,2026-07-01
봉담휴먼빌,경기도 화성시 효행구 봉담읍 와우로 51,아파트,6,540,86013.0,031-898-6302,효행구 도시건축과,031-5189-7709,2026-07-01
수성효성,경기도 화성시 효행구 봉담읍 와우로15번길 55-5,아파트,1,266,24483.0,031-223-3751,효행구 도시건축과,031-5189-7709,2026-07-01
수정마을동남메리트,경기도 화성시 효행구 봉담읍 삼천병마로 1321-10,아파트,8,864,112312.0,031-227-7994,효행구 도시건축과,031-5189-7709,2026-07-01
양지마을쌍용예가,경기도 화성시 효행구 봉담읍 매송고색로422번길 57,아파트,9,490,78713.0,031-298-5652,효행구 도시건축과,031-5189-7709,2026-07-01
엘크루루엘리안,경기도 화성시 효행구 봉담읍 상리2길 121,아파트,5,456,55720.0,031-227-1233,효행구 도시건축과,031-5189-7709,2026-07-01
우방아이유쉘1단지,경기도 화성시 효행구 봉담읍 수영로 60-10,아파트,6,488,71815.0,031-293-0067,효행구 도시건축과,031-5189-7709,2026-07-01
우방아이유쉘2단지,경기도 화성시 효행구 봉담읍 수영로 61-7,아파트,6,351,51939.0,031-278-6717,효행구 도시건축과,031-5189-7709,2026-07-01
청운마을신안인스빌,경기도 화성시 효행구 봉담읍 삼천병마로 1256-20,아파트,6,632,79857.0,031-297-3604,효행구 도시건축과,031-5189-7709,2026-07-01
클래식타운,경기도 화성시 효행구 봉담읍 효행로 240,아파트,10,660,,031-224-5436,효행구 도시건축과,031-5189-7709,2026-07-01
화성동보,경기도 화성시 효행구 봉담읍 와우로34번길 48,아파트,1,299,11923.0,031-225-5131,효행구 도시건축과,031-5189-7709,2026-07-01
화성봉담2 중흥 S-클래스 더퍼스트,경기도 화성시 효행구 봉담읍 상리1길 21,아파트,10,784,131118.0,031-297-7701,효행구 도시건축과,031-5189-7709,2026-07-01
휴먼시아동화마을5단지,경기도 화성시 효행구 봉담읍 동화역말길 22,아파트,9,880,110753.0,031-278-7013,효행구 도시건축과,031-5189-7709,2026-07-01
휴먼시아동화마을6단지,경기도 화성시 효행구 봉담읍 동화길 122,아파트,8,736,91793.0,031-298-7311,효행구 도시건축과,031-5189-7709,2026-07-01
봉담 에듀시티 파라곤,경기도 화성시 효행구 봉담읍 동화서북안길 10,아파트,8,600,78716.0,031-235-0996,효행구 도시건축과,031-5189-7709,2026-07-01
봉담2지구 중흥에스클래스 더 센트럴,경기도 화성시 효행구 봉담읍 상리3길 160,아파트,10,824,126603.5,031-293-8834,효행구 도시건축과,031-5189-7709,2026-07-01
봉담2지구 중흥에스클래스 에듀파크,경기도 화성시 효행구 봉담읍 수영로 161,아파트,13,1050,169410.68,031-293-8806,효행구 도시건축과,031-5189-7709,2026-07-01
봉담 자이 라피네,경기도 화성시 효행구 봉담읍 동화서북안길 50,아파트,8,750,121533.62,031-8019-5015,효행구 도시건축과,031-5189-7709,2026-07-01
중흥에스클래스 에듀시티,경기도 화성시 효행구 봉담읍 상리1길 143,아파트,8,808,105423.97,031-278-9517,효행구 도시건축과,031-5189-7709,2026-07-01
중흥에스클래스 에듀포레,경기도 화성시 효행구 봉담읍 상리1길 167,아파트,9,707,133252.46,031-298-9067,효행구 도시건축과,031-5189-7709,2026-07-01
봉담 자이 프라이드시티,경기도 화성시 효행구 봉담읍 삼봉안길 30,아파트,11,1701,,031-8019-8074,효행구 도시건축과,031-5189-7709,2026-07-01
힐스테이트 봉담 프라이드시티,경기도 화성시 효행구 봉담읍 삼봉안길 76,아파트,17,2333,,031-278-9070,효행구 도시건축과,031-5189-7709,2026-07-01
봉담자이라젠느,경기도 화성시 효행구 봉담읍 동화서북안길 70,아파트,7,862,,031-546-2813,효행구 도시건축과,031-5189-7709,2026-07-01
중흥S-클래스 센트럴에듀,경기도 화성시 효행구 봉담읍 동화서북안길 51,아파트,9,806,,031-225-5003,효행구 도시건축과,031-5189-7709,2026-07-01
천산스카이빌,경기도 화성시 효행구 비봉면 비봉로 152,아파트,3,202,25067.0,031-356-8746,효행구 도시건축과,031-5189-7710,2026-07-01
비봉 호반 써밋,경기도 화성시 효행구 비봉면 새비봉서로 130,아파트,8,779,,031-357-1380,효행구 도시건축과,031-5189-7710,2026-07-01
우미린 더 퍼스트,경기도 화성시 효행구 비봉면 새비봉남로 39,아파트,7,798,,031-357-4910,효행구 도시건축과,031-5189-7710,2026-07-01
예미지 센트럴 에듀,경기도 화성시 효행구 비봉면 새비봉서로 20,아파트,10,917,,031-357-8910,효행구 도시건축과,031-5189-7710,2026-07-01
비봉 금강펜테리움,경기도 화성시 효행구 비봉면 새비봉서로1길 14,아파트,11,988,,031-356-2560,효행구 도시건축과,031-5189-7710,2026-07-01
동탄호수공원금강펜테리움센트럴파크2차,경기도 화성시 동탄구 동탄산척로 2길 56,아파트,10,908,,031-378-3656,동탄구 도시건축과,031-5189-5137,2026-07-01
그린힐반도유보라아이비파크100,경기도 화성시 동탄구 동탄순환대로12길 85,아파트,15,1241,,031-378-5760,동탄구 도시건축과,031-5189-5137,2026-07-01
더레이크파크뷰(더레이크씨티부영1단지),경기도 화성시 동탄구 동탄대로8길 91,아파트,7,641,,031-373-9064,동탄구 도시건축과,031-5189-5137,2026-07-01
동탄호수공원역 레이크시티(더레이크씨티부영6단지),경기도 화성시 동탄구 동탄대로6길 84,아파트,10,818,,031-373-9578,동탄구 도시건축과,031-5189-5137,2026-07-01
더레이크씨티부영2단지,경기도 화성시 동탄구 동탄대로8길 65,아파트,6,520,,031-373-9430,동탄구 도시건축과,031-5189-5137,2026-07-01
동탄 더 레이크 팰리스,경기도 화성시 동탄구 동탄대로8길 35,아파트,8,706,,031-373-9570,동탄구 도시건축과,031-5189-5137,2026-07-01
호수공원역 센트리체(더레이크씨티부영5단지),경기도 화성시 동탄구 동탄대로6길 50,아파트,11,868,,031-378-8772,동탄구 도시건축과,031-5189-5137,2026-07-01
레이크힐 반도유보라 아이비파크 10.2,경기도 화성시 동탄구 동탄순환대로10길 88,아파트,21,1515,,031-374-9610,동탄구 도시건축과,031-5189-5137,2026-07-01
동탄 더샵 레이크에듀타운,경기도 화성시 동탄구 동탄대로10길 20,아파트,16,1538,,031-373-4250,동탄구 도시건축과,031-5189-5137,2026-07-01
호수공원역센트럴시티,경기도 화성시 동탄구 동탄대로6길 20,아파트,12,1080,,031-378-2096,동탄구 도시건축과,031-5189-5137,2026-07-01
중흥S클래스 에듀하이,경기도 화성시 동탄구 동탄순환대로17길 31,아파트,16,1194,,031-378-2131,동탄구 도시건축과,031-5189-5137,2026-07-01
더 펠리체 휴먼빌,경기도 화성시 만세구 수노을1로 235,아파트,12,750,,031-357-0392,만세구 현장민원실,031-5189-1406,2026-07-01
송산그린시티반도유보라아이비파크,경기도 화성시 만세구 수노을1로 236,아파트,12,980,,031-355-0597,만세구 현장민원실,031-5189-1406,2026-07-01
송산이지더원레이크뷰,경기도 화성시 만세구 수노을1로 191,아파트,11,782,,031-355-1095,만세구 현장민원실,031-5189-1406,2026-07-01
송산신도시 대방노블랜드 더 퍼스티지 1차,경기도 화성시 만세구 수노을1로 148,아파트,8,731,,031-357-7670,만세구 현장민원실,031-5189-1406,2026-07-01
송산그린시티요진와이시티,경기도 화성시 만세구 수노을1로 147,아파트,9,680,,031-356-4025,만세구 현장민원실,031-5189-1406,2026-07-01
세영리첼 에듀파크,경기도 화성시 만세구 수노을중앙로 257,아파트,9,533,,031-355-8740,만세구 현장민원실,031-5189-1406,2026-07-01
송산신도시 대방노블랜드 리버스위트 2차 (대방2차),경기도 화성시 만세구 수노을1로 107,아파트,6,426,,031-365-3168,만세구 현장민원실,031-5189-1406,2026-07-01
송산신도시 대방노블랜드 더센트럴 3차 (대방3차),경기도 화성시 만세구 수노을1로 108,아파트,9,872,,031-365-3278,만세구 현장민원실,031-5189-1406,2026-07-01
금강펜테리움센트럴파크송산,경기도 화성시 만세구 수노을1로 192,아파트,9,692,,031-357-2841,만세구 현장민원실,031-5189-1406,2026-07-01
모아미래도 에듀포레,경기도 화성시 만세구 수노을중앙로 293,아파트,8,585,,031-356-5392,만세구 현장민원실,031-5189-1406,2026-07-01
송산그린시티5차 NOBLE LAND 리버파크,경기도 화성시 만세구 수노을1로 81,아파트,8,608,,031-357-4133,만세구 현장민원실,031-5189-1406,2026-07-01
송산그린시티6차 NOBLE LAND 리버파크,경기도 화성시 만세구 수노을1로 82,아파트,5,390,65536.0,031-355-7791,만세구 현장민원실,031-5189-1406,2026-07-01
송산그린시티 리안비채 테라스하우스 2단지,경기도 화성시 만세구 수노을중앙로 421,빌라/도시형,10,128,24170.94,031-357-3863,만세구 현장민원실,031-5189-1406,2026-07-01
송산그린시티 리안비채 테라스하우스 1단지,경기도 화성시 만세구 수노을중앙로 425,빌라/도시형,10,131,24056.93,031-355-2022,만세구 현장민원실,031-5189-1406,2026-07-01
동탄예당마을 롯데캐슬,경기도 화성시 동탄구 동탄반석로 231,아파트,16,1222,,031-8003-6036,동탄구 도시건축과,031-5189-6697,2026-07-01
동탄 예당마을 우미린제일풍경채,경기도 화성시 동탄구 동탄반석로 277,아파트,15,1316,,031-613-2084,동탄구 도시건축과,031-5189-6697,2026-07-01
동탄예당마을 푸르지오,경기도 화성시 동탄구 동탄반석로 264,아파트,9,978,,031-8003-2192,동탄구 도시건축과,031-5189-6697,2026-07-01
동탄 예당마을 신일유토빌,경기도 화성시 동탄구 동탄반석로 232,아파트,6,626,,031-8003-2201,동탄구 도시건축과,031-5189-6697,2026-07-01
동탄2 LH26단지(A65BL),경기도 화성시 동탄구 동탄대로9길 20,아파트,15,917,,031-372-2767,동탄구 도시건축과,031-5189-5137,2026-07-01
동탄2신도시 하우스디 더 레이크,경기도 화성시 동탄구 동탄대로9길 19,아파트,14,1552,,031-374-3501,동탄구 도시건축과,031-5189-5137,2026-07-01
동탄린스트라우스더레이크                               ,경기도 화성시 동탄구 동탄대로 181,아파트,6,956,,031-378-9465,동탄구 도시건축과,031-5189-5137,2026-07-01
우남블루존,경기도 화성시 병점구 화산북로 14,아파트,4,386,,031-222-2751,병점구 도시건축과,031-5189-4236,2026-07-01
솔뫼마을한승미메이드(1차),경기도 화성시 병점구 화산중앙로 34,아파트,10,669,,031-233-2841,병점구 도시건축과,031-5189-4236,2026-07-01
화성송산 동원로얄듀크포레,경기도 화성시 병점구 화산로 9,아파트,6,233,,031-236-8005,병점구 도시건축과,031-5189-4236,2026-07-01
화성 아너스포레,경기도 화성시 병점구 장조6로 41,아파트,15,688,,031-221-9654,병점구 도시건축과,031-5189-4236,2026-07-01
코스코밸리,경기도 화성시 만세구 송산면 백곡로 130,아파트,6,299,32271.0,031-357-5940,만세구 현장민원실,031-5189-3194,2026-07-01
동탄2 디에트르 포레,경기도 화성시 동탄구 동탄신리천로2길 65,아파트,13,1171,,031-378-8705,동탄구 도시건축과,031-5189-5137,2026-07-01
호반써밋 동탄,경기도 화성시 동탄구 동탄신리천로4길 48,아파트,9,744,,031-377-6680,동탄구 도시건축과,031-5189-5137,2026-07-01
제일풍경채퍼스티어,경기도 화성시 동탄구 동탄신리천로 618,아파트,4,308,,031-378-4865,동탄구 도시건축과,031-5189-5137,2026-07-01
e편한세상 동탄 파크아너스,경기도 화성시 동탄구 동탄신리천로7길 47,아파트,13,800,,031-372-9931,동탄구 도시건축과,031-5189-5137,2026-07-01
동탄 파크릭스 A52BL 아파트,경기도 화성시 동탄구 동탄신리천로5길 79,아파트,13,679,,031-372-4562,동탄구 도시건축과,031-5189-5137,2026-07-01
동탄 파크릭스 A55BL 아파트,경기도 화성시 동탄구 동탄신리천로5길 43,아파트,14,660,,031-377-4562,동탄구 도시건축과,031-5189-5137,2026-07-01
동탄 파크릭스 A51-1BL,경기도 화성시 동탄구 동탄신리천로5길 130,아파트,8,310,,031-375-4574,동탄구 도시건축과,031-5189-5137,2026-07-01
동탄파크릭스 A51-2BL,경기도 화성시 동탄구 동탄신리천로5길 111,아파트,9,414,,031-375-3453,동탄구 도시건축과,031-5189-5137,2026-07-01
동탄 아테라 파밀리에,경기도 화성시 동탄구 동탄신리천로3길 59,아파트,9,640,,031-372-2369,동탄구 도시건축과,031-5189-5137,2026-07-01
동탄 숨마 데시앙,경기도 화성시 동탄구 동탄신리천로3길 71,아파트,10,616,,031-372-2368,동탄구 도시건축과,031-5189-5137,2026-07-01
금강펜테리움6차센트럴파크,경기도 화성시 동탄구 동탄신리천로8길 46,아파트,14,1103,,031-374-0384,동탄구 도시건축과,031-5189-5137,2026-07-01
남수원현대아파트,경기도 화성시 병점구 화산로 10,아파트,7,558,,031-223-1618,병점구 도시건축과,031-5189-4236,2026-07-01
병점역 성호 플레르빌,경기도 화성시 병점구 한신대길 67,아파트,7,618,,031-232-1631,병점구 도시건축과,031-5189-4236,2026-07-01
남산마을 청광플러스원,경기도 화성시 병점구 안녕남로 16-20,아파트,4,278,,031-225-5727,병점구 도시건축과,031-5189-4236,2026-07-01
병점역 동문굿모닝힐,경기도 화성시 병점구 효행로 846,아파트,10,518,,031-898-6637,병점구 도시건축과,031-5189-4236,2026-07-01
아름마을신한미지엔아파트,경기도 화성시 병점구 효행로 707번길 7,아파트,13,708,,031-898-8476,병점구 도시건축과,031-5189-4236,2026-07-01
안녕동우방아이유쉘,경기도 화성시 병점구 안녕남로 246-21,아파트,8,796,,031-221-7058,병점구 도시건축과,031-5189-4236,2026-07-01
우미린 센트포레1단지,경기도 화성시 병점구 장조4로 13,아파트,12,650,,031-221-1195,병점구 도시건축과,031-5189-4236,2026-07-01
우미린 센트포레2단지,경기도 화성시 병점구 장조4로 33,아파트,11,650,,031-221-1902,병점구 도시건축과,031-5189-4236,2026-07-01
동탄퍼스트파크,경기도 화성시 동탄구 동탄순환대로30길 8,아파트,6,470,,031-378-3040,동탄구 도시건축과,031-5189-6740,2026-07-01
동탄역 센트럴자이,경기도 화성시 동탄구 동탄대로22길 30,아파트,10,559,,031-377-1224,동탄구 도시건축과,031-5189-6740,2026-07-01
동탄역이지더원,경기도 화성시 동탄구 동탄순환대로28길 17,아파트,12,642,,031-376-7875,동탄구 도시건축과,031-5189-6740,2026-07-01
동탄역 반도유보라아이비파크 2.0,경기도 화성시 동탄구 동탄순환대로26길 55,아파트,11,999,,031-377-7058,동탄구 도시건축과,031-5189-6740,2026-07-01
동탄역 경남아너스빌,경기도 화성시 동탄구 동탄순환대로 25길 21,아파트,4,344,,031-378-3681,동탄구 도시건축과,031-5189-6740,2026-07-01
동탄역 포레너스,경기도 화성시 동탄구 동탄대로24길 199,아파트,18,1316,,031-375-7734,동탄구 도시건축과,031-5189-6740,2026-07-01
동탄역 푸르지오,경기도 화성시 동탄구 동탄순환대로 881-10,아파트,10,832,,031-378-9683,동탄구 도시건축과,031-5189-6740,2026-07-01
동탄역 센트럴상록,경기도 화성시 동탄구 동탄대로 22길 9,아파트,9,1005,,031-374-4070,동탄구 도시건축과,031-5189-6740,2026-07-01
동탄역 센트럴 예미지,경기도 화성시 동탄구 동탄순환대로 27길 45,아파트,5,451,,031-372-5176,동탄구 도시건축과,031-5189-6740,2026-07-01
동탄역동원로얄듀크1차,경기도 화성시 동탄구 동탄첨단산업2로 14,아파트,6,434,,031-373-9351,동탄구 도시건축과,031-5189-6740,2026-07-01
동탄파크자이,경기도 화성시 동탄구 동탄대로24길 117,아파트,19,979,,031-377-8741,동탄구 도시건축과,031-5189-6740,2026-07-01
동탄파크푸르지오,경기도 화성시 동탄구 동탄대로24가길 7,아파트,10,913,,031-378-4305,동탄구 도시건축과,031-5189-6740,2026-07-01
동탄중흥s클래스파크더테라스,경기도 화성시 동탄구 동탄대로24길 74,아파트,10,162,,031-378-2575,동탄구 도시건축과,031-5189-6740,2026-07-01
동탄 파크 한양수자인 ,경기도 화성시 동탄구 동탄대로 24가길 30,아파트,10,806,,031-375-6672,동탄구 도시건축과,031-5189-6740,2026-07-01
동원로얄듀크포레4차,경기도 화성시 동탄구 동탄첨단산업2로 88,주상복합,2,196,,031-373-7957,동탄구 도시건축과,031-5189-6740,2026-07-01
힐스테이트 동탄역,경기도 화성시 동탄구 동탄기흥로 585,주상복합,5,443,,031-378-4340,동탄구 도시건축과,031-5189-6740,2026-07-01
대방디엠시티 더센텀,경기도 화성시 동탄구 동탄대로 636-14,주상복합,3,463,,031-376-4772,동탄구 도시건축과,031-5189-6740,2026-07-01
동탄역 금강펜테리움 더 시글로,경기도 화성시 동탄구 동탄대로23안길 30,주상복합,3,380,,031-378-5583,동탄구 도시건축과,031-5189-6740,2026-07-01
동탄역 신미주,경기도 화성시 동탄구 동탄감배산로 30,아파트,8,538,,031-376-4301,동탄구 도시건축과,031-5189-6742,2026-07-01
동탄2 반도유보라 아이비파크3차,경기도 화성시 동탄구 동탄대로 12길 17,아파트,17,1135,,031-378-5605,동탄구 도시건축과,031-5189-6742,2026-07-01
동탄2 금강펜테리움 센트럴파크 1차,경기도 화성시 동탄구 동탄대로 12길 64,아파트,13,827,,031-372-7059,동탄구 도시건축과,031-5189-6742,2026-07-01
동탄역 에일린의 뜰,경기도 화성시 동탄구 동탄기흥로 353번길 77,아파트,9,489,72039.0,031-377-3905,동탄구 도시건축과,031-5189-6742,2026-07-01
센트럴힐즈 동탄,경기도 화성시 동탄구 동탄대로 12길 71,아파트,8,652,,031-372-1379,동탄구 도시건축과,031-5189-6742,2026-07-01
동탄역 반도유보라아이비파크5차,경기도 화성시 동탄구 동탄기흥로 393-15,아파트,5,545,,031-373-1390,동탄구 도시건축과,031-5189-6742,2026-07-01
동탄역 반도유보라아이비파크6차,경기도 화성시 동탄구 동탄기흥로 479-12,아파트,6,532,,031-378-2391,동탄구 도시건축과,031-5189-6742,2026-07-01
동탄역 더샵센트럴시티2차,경기도 화성시 동탄구 동탄감배산로 19,아파트,10,745,,031-378-6579,동탄구 도시건축과,031-5189-6742,2026-07-01
동탄역 린스트라우스,경기도 화성시 동탄구 동탄역로 102,아파트,3,617,,031-378-6046,동탄구 도시건축과,031-5189-6742,2026-07-01
동탄역 반도유보라아이비파크8차,경기도 화성시 동탄구 동탄광역환승로 73,아파트,5,671,,031-378-6146,동탄구 도시건축과,031-5189-6742,2026-07-01
중흥S클래스에코벨리,경기도 화성시 동탄구 동부대로 951,아파트,10,436,,031-374-3777,동탄구 도시건축과,031-5189-6742,2026-07-01
중흥S클래스 더 테라스 리버파크1,경기도 화성시 동탄구 동탄기흥로353번길 76,아파트,11,158,,031-8055-0864,동탄구 도시건축과,031-5189-6742,2026-07-01
동탄역 반도유보라아이비파크 7차,경기도 화성시 동탄구 동탄광역환승로63,아파트,4,710,,031-378-8526,동탄구 도시건축과,031-5189-6742,2026-07-01
동양파라곤(동탄역파라곤),경기도 화성시 동탄구 동탄기흥로 393-20,주상복합,3,424,,031-378-3019,동탄구 도시건축과,031-5189-6742,2026-07-01
동탄역 동원로얄듀크비스타3차,경기도 화성시 동탄구 동부대로 1062,주상복합,3,278,,031-378-2935,동탄구 도시건축과,031-5189-6742,2026-07-01
동탄역 롯데캐슬 ,경기도 화성시 동탄구 동탄역로 150,주상복합,4,940,,031-378-4260,동탄구 도시건축과,031-5189-6742,2026-07-01
동탄역 삼정그린코아,경기도 화성시 동탄구 동탄광역환승로 62,주상복합,1,183,,031-373-8437,동탄구 도시건축과,031-5189-6742,2026-07-01
동탄역 예미지 시그너스,경기도 화성시 동탄구 동탄역로 196,주상복합,3,498,,031-373-8635,동탄구 도시건축과,031-5189-6742,2026-07-01
동탄역 유림노르웨이숲,경기도 화성시 동탄구 동탄감배산로 143,주상복합,2,312,,031-373-0443,동탄구 도시건축과,031-5189-6742,2026-07-01
동탄역 헤리엇,경기도 화성시 동탄구 동탄역로 54,아파트,9,428,,031-378-1055,동탄구 도시건축과,031-5189-6742,2026-07-01
동탄역 디에트르 퍼스티지,경기도 화성시 동탄구 동탄오산로 29,주상복합,3,531,,031-376-3332,동탄구 도시건축과,031-5189-6742,2026-07-01
조암금광,경기도 화성시 만세구 우정읍 조암죽말길 236-6,아파트,3,297,24751.0,031-351-8211,만세구 도시건축과,031-5189-1251,2026-07-01
조암한라비발디,경기도 화성시 만세구 우정읍 조암동로 58,아파트,11,635,104083.0,031-351-4275,만세구 도시건축과,031-5189-1251,2026-07-01
화성 조암 스위트엠,경기도 화성시 만세구 우정읍 조암죽말길 228,아파트,4,224,,031-8055-8121,만세구 도시건축과,031-5189-1251,2026-07-01
산호,경기도 화성시 만세구 장안면 사랑길 13,아파트,5,406,33304.0,031-351-3814          ,만세구 도시건축과,031-5189-1252,2026-07-01
레이크반도유보라아이비파크9.0,경기도 화성시 동탄구 동탄대로 4길 95,아파트,13,689,,031-378-2493,동탄구 도시건축과,031-5189-6742,2026-07-01
동탄호수자이파밀리에,경기도 화성시 동탄구 동탄대로2길 19,아파트,11,1067,,031-377-5120,동탄구 도시건축과,031-5189-6742,2026-07-01
금호어울림레이크,경기도 화성시 동탄구 동탄대로4길 17,아파트,10,812,,031-378-2802,동탄구 도시건축과,031-5189-6742,2026-07-01
동탄2신도시 호반베르디움 33단지,경기도 화성시 동탄구 동탄대로4다길 78,아파트,7,393,,031-373-5471,동탄구 도시건축과,031-5189-6742,2026-07-01
제일풍경채 에듀&파크,경기도 화성시 동탄구 동탄대로4가길 26,아파트,9,624,,031-378-4093,동탄구 도시건축과,031-5189-6742,2026-07-01
동탄금호어울림레이크2차,경기도 화성시 동탄구 동탄대로1길 32,아파트,9,681,,031-372-8860,동탄구 도시건축과,031-5189-6742,2026-07-01
동탄2아이파크(A100블럭),경기도 화성시 동탄구 동탄대로4길 143,아파트,9,510,,031-378-2375,동탄구 도시건축과,031-5189-6742,2026-07-01
동탄2아이파크(A99블럭),경기도 화성시 동탄구 동탄대로4길 123,아파트,6,470,,031-378-9096,동탄구 도시건축과,031-5189-6742,2026-07-01
동탄레이크자연앤푸르지오,경기도 화성시 동탄구 동탄대로3길 33,아파트,8,704,,031-378-5395 ,동탄구 도시건축과,031-5189-6742,2026-07-01
한화포레나 동탄호수,경기도 화성시 동탄구 동탄순환대로4길 11,아파트,8,800,,031-373-1515,동탄구 도시건축과,031-5189-6742,2026-07-01
동탄호수 우남 더 테라스,경기도 화성시 동탄구 동탄대로4길 18,도시형생활주택,9,238,,031-373-7484,동탄구 도시건축과,031-5189-6742,2026-07-01
LH동탄호수 하우스디,경기도 화성시 동탄구 동탄대로1길 66,아파트,7,516,,031-378-4872,동탄구 도시건축과,031-5189-6742,2026-07-01
동탄레이크파크 자연&e편한세상,경기도 화성시 동탄구 동탄순환대로8길 27,아파트,18,1227,,031-372-0135,동탄구 도시건축과,031-5189-6742,2026-07-01
동남훼미리,경기도 화성시 효행구 정남면 만년로 470,아파트,6,985,,031-353-7477,효행구 도시건축과,031-5189-7710,2026-07-01
근형심포니,경기도 화성시 효행구 정남면 발안로 1155,아파트,4,252,34189.0,031-373-3656,효행구 도시건축과,031-5189-7710,2026-07-01
병점화남1단지,경기도 화성시 병점구 병점중앙로 169번길 10,아파트,1,234,,031-237-5114,병점구 도시건축과,031-5189-4236,2026-07-01
병점화남2단지,경기도 화성시 병점구 병점중앙로169번길 5,아파트,1,181,,,병점구 도시건축과,031-5189-4236,2026-07-01
태안주공11단지,경기도 화성시 병점구 효행로 1075-10,아파트,8,598,,031-233-1978,병점구 도시건축과,031-5189-4236,2026-07-01
태안주공10단지,경기도 화성시 병점구 병점4로 102,아파트,10,742,,031-232-7842,병점구 도시건축과,031-5189-4236,2026-07-01
진안파크자이,경기도 화성시 병점구 병점중앙로 230-10,아파트,5,386,,031-898-7020,병점구 도시건축과,031-5189-4236,2026-07-01
"진안동 월드메르디앙 1,2단지",경기도 화성시 병점구 병점4로37/ 병점중앙로 204,아파트,7,545,,031-231-9659,병점구 도시건축과,031-5189-4236,2026-07-01
동탄2모아미래도,경기도 화성시 동탄구 동탄청계로 303-33,아파트,5,460,,031-378-4603,동탄구 도시건축과,031-5189-6749,2026-07-01
동탄역 시범예미지,경기도 화성시 동탄구 동탄대로시범길 192,아파트,12,485,,031-613-8061,동탄구 도시건축과,031-5189-6749,2026-07-01
동탄 시범계룡 리슈빌,경기도 화성시 동탄구 동탄대로시범길 236,아파트,15,656,,031-378-3303,동탄구 도시건축과,031-5189-6749,2026-07-01
동탄역KCC스위첸,경기도 화성시 동탄구 동탄청계로 303-14,아파트,7,640,,031-372-2765,동탄구 도시건축과,031-5189-6749,2026-07-01
동탄역시범호반써밋,경기도 화성시 동탄구 동탄대로시범길 122,아파트,13,1002,,031-378-1029,동탄구 도시건축과,031-5189-6749,2026-07-01
동탄역 시범우남퍼스트빌,경기도 화성시 동탄구 동탄대로시범길 276,아파트,16,1442,,031-378-6905,동탄구 도시건축과,031-5189-6749,2026-07-01
동탄역 시범대원칸타빌,경기도 화성시 동탄구 동탄대로시범길 53,아파트,9,498,,031-377-6705,동탄구 도시건축과,031-5189-6749,2026-07-01
동탄역 센트럴푸르지오,경기도 화성시 동탄구 동탄순환대로21길 54,아파트,11,1348,,031-372-0974,동탄구 도시건축과,031-5189-6749,2026-07-01
동탄역 롯데캐슬알바트로스,경기도 화성시 동탄구 동탄순환대로21길 53,아파트,16,1416,,031-373-8035,동탄구 도시건축과,031-5189-6749,2026-07-01
동탄역 호반써밋,경기도 화성시 동탄구 동탄순환대로22길 45,아파트,9,922,,031-378-6157,동탄구 도시건축과,031-5189-6749,2026-07-01
동탄역 시범더샵센트럴시티,경기도 화성시 동탄구 동탄대로시범길 19,아파트,8,874,,031-378-5839,동탄구 도시건축과,031-5189-6749,2026-07-01
대원칸타빌 포레지움,경기도 화성시 동탄구 동탄순환대로22길 14,아파트,8,714,,031-378-5482,동탄구 도시건축과,031-5189-6749,2026-07-01
동탄역 시범한화 꿈에그린 프레스티지,경기도 화성시 동탄구 동탄대로시범길 20,아파트,25,1817,,031-378-4390,동탄구 도시건축과,031-5189-6749,2026-07-01
동탄역 신안인스빌리베라,경기도 화성시 동탄구 동탄순환대로 21길 15,아파트,13,913,,031-378-4377,동탄구 도시건축과,031-5189-6749,2026-07-01
동탄역 시범반도유보라아이비파크 1.0,경기도 화성시 동탄구 동탄대로시범길 168,아파트,12,904,,031-378-5074,동탄구 도시건축과,031-5189-6749,2026-07-01
신안 인스빌 리베라2차,경기도 화성시 동탄구 동탄청계로 303-13,아파트,8,644,,031-378-5034,동탄구 도시건축과,031-5189-6749,2026-07-01
동탄역 더 힐,경기도 화성시 동탄구 동탄순환대로22길 46,아파트,13,718,,031-378-3847,동탄구 도시건축과,031-5189-6749,2026-07-01
동탄역시범 금강펜테리움 센트럴파크3,경기도 화성시 동탄구 동탄대로 시범길 235,아파트,5,252,,031-377-0525,동탄구 도시건축과,031-5189-6749,2026-07-01
동탄역 시범반도유보라 아이비파크 4.0,경기도 화성시 동탄구 동탄대로시범길 134,아파트,6,740,,031-378-4631,동탄구 도시건축과,031-5189-6749,2026-07-01
화성진우,경기도 화성시 만세구 팔탄면 삼천병마로 584,아파트,4,656,48604.0,031-353-3382,만세구 도시건축과,031-5189-1252,2026-07-01
 향남지웰2차,경기도 화성시 만세구 향남읍 행정중앙2로 38,아파트,8,514,75381.0,031-8059-2674,만세구 도시건축과,031-5189-1251,2026-07-01
대방 노블랜드,경기도 화성시 만세구 향남읍 행정중앙2로 83,아파트,12,600,96238.0,031-8059-0340,만세구 도시건축과,031-5189-1251,2026-07-01
발안마을 주공,경기도 화성시 만세구 향남읍 발안서로 11,아파트,14,882,65620.0,031-359-8701,만세구 도시건축과,031-5189-1251,2026-07-01
발안우림필유,경기도 화성시 만세구 향남읍 발안남로 66,아파트,11,940,115368.0,031-366-0807,만세구 도시건축과,031-5189-1251,2026-07-01
복사꽃마을 한국아델리움,경기도 화성시 만세구 향남읍 행정동로 88,아파트,9,544,85746.0,031-8059-0351,만세구 도시건축과,031-5189-1251,2026-07-01
살구꽃마을 신영지웰,경기도 화성시 만세구 향남읍 행정중앙1로 63,아파트,6,365,75507.0,031-354-1825,만세구 도시건축과,031-5189-1251,2026-07-01
상록하늘채,경기도 화성시 만세구 향남읍 행정동로 83,아파트,12,638,98619.0,031-353-4516,만세구 도시건축과,031-5189-1251,2026-07-01
서봉마을 모아엘가 ,경기도 화성시 만세구 향남읍 상신하길로 274번길 61,아파트,6,496,75120.0,031-8059-6027,만세구 도시건축과,031-5189-1251,2026-07-01
서봉마을 사랑으로 부영3단지,경기도 화성시 만세구 향남읍 상신하길로 328번길 21,아파트,12,1122,169460.0,031-8059-2531,만세구 도시건축과,031-5189-1251,2026-07-01
신성미소지움1차,경기도 화성시 만세구 향남읍 삼천병마로 281-15,아파트,9,431,57378.0,031-353-6107,만세구 도시건축과,031-5189-1251,2026-07-01
신성미소지움2차,경기도 화성시 만세구 향남읍 삼천병마로 297번길 15,아파트,5,330,44598.0,031-366-4541,만세구 도시건축과,031-5189-1251,2026-07-01
제일오투그란데,경기도 화성시 만세구 향남읍 행정중앙2로 64,아파트,6,400,64083.0,031-353-0740,만세구 도시건축과,031-5189-1251,2026-07-01
향남 서봉마을4단지 모아미래도,경기도 화성시 만세구 향남읍 상신하길로273번길 57 ,아파트,13,894,,031-353-8110,만세구 도시건축과,031-5189-1251,2026-07-01
향남 에일린의 뜰,경기도 화성시 만세구 향남읍 행정중앙1로39,아파트,8,506,72039.0,031-8059-3555,만세구 도시건축과,031-5189-1251,2026-07-01
향남 우미린,경기도 화성시 만세구 향남읍 행정중앙2로 14,아파트,10,536,79198.0,031-366-6800,만세구 도시건축과,031-5189-1251,2026-07-01
향남신명스카이뷰,경기도 화성시 만세구 향남읍 행정서로 48,아파트,9,536,78407.0,031-8059-0420,만세구 도시건축과,031-5189-1251,2026-07-01
향남풍림아이원,경기도 화성시 만세구 향남읍 행정동로 64,아파트,14,788,115162.0,031-8059-1141,만세구 도시건축과,031-5189-1251,2026-07-01
향남한일베라체,경기도 화성시 만세구 향남읍 행정중앙1로 95,아파트,6,478,100672.0,031-8059-0321,만세구 도시건축과,031-5189-1251,2026-07-01
화성파크드림,경기도 화성시 만세구 향남읍 행정동로 22,아파트,11,622,74534.0,031-8059-3314,만세구 도시건축과,031-5189-1251,2026-07-01
향남역 한양수자인 디에스티지,경기도 화성시 만세구 향남읍 향남로39번길 19,아파트,11,945,137458.96,031-8047-0211,만세구 도시건축과,031-5189-1251,2026-07-01
파인팰리스,경기도 화성시 효행구 효행로291번길 21,아파트,1,90,,031-221-9737,효행구 도시건축과,031-5189-7710,2026-07-01
 민성주택,경기도 화성시 만세구 남양읍 남양시장로 65번길 19,연립,1,18,1050.84,,만세구 현장민원실,031-5189-1392,2026-07-01
헤르만하우스 남양,경기도 화성시 만세구 남양읍 화성로 1081번길 25,도시형생활주택,11,142,14928.8,,만세구 현장민원실,031-5189-1392,2026-07-01
시화,경기도 화성시 만세구 남양읍 남양시장로25번길 40,아파트,1,20,,,만세구 현장민원실,031-5189-1392,2026-07-01
백상화인빌,경기도 화성시 만세구 마도면 두곡서길26번길 5,아파트,1,88,9257.42,,만세구 현장민원실,031-5189-1392,2026-07-01
 삼미아파트,경기도 화성시 효행구 매송면 매송고색로422번길 77,아파트,3,165,6773.23,,효행구 도시건축과,031-5189-7709,2026-07-01
센트럴S타운,경기도 화성시 동탄구 메타폴리스로 47-25,주상복합,1,299,,031-613-2596,동탄구 도시건축과,031-5189-6749,2026-07-01
서해더블루스페이스,경기도 화성시 동탄구 메타폴리스로 47-7,주상복합,1,40,,031-8015-1337,동탄구 도시건축과,031-5189-6749,2026-07-01
서해더블루럭스,경기도 화성시 동탄구 동탄문화센터로 75,주상복합,1,90,,031-8015-2414,동탄구 도시건축과,031-5189-6749,2026-07-01
서해더블루팍스,경기도 화성시 동탄구 노작로 203,주상복합,1,90,,031-8015-2361,동탄구 도시건축과,031-5189-6749,2026-07-01
동탄 플래티넘,경기도 화성시 동탄구 동탄지성로 2,주상복합,1,99,,031-613-4036,동탄구 도시건축과,031-5189-6749,2026-07-01
동양파라곤2차,경기도 화성시 동탄구 메타폴리스로 54,주상복합,1,90,,031-613-5186,동탄구 도시건축과,031-5189-6749,2026-07-01
동탄벽산블루밍 타운하우스,경기도 화성시 동탄구 동탄중앙로 35,아파트,16,90,,031-8015-3223,동탄구 도시건축과,031-5189-6749,2026-07-01
 삼한주택,경기도 화성시 병점구 떡전골로 49,연립,2,36,,,병점구 도시건축과,031-5189-4739,2026-07-01
 시라맨숀,경기도 화성시 효행구 봉담읍 참샘길 26,연립,5,90,7568.16,,효행구 도시건축과,031-5189-7709,2026-07-01
 천보주택,경기도 화성시 효행구 봉담읍 진등2길 20-24,연립,2,40,4000.32,,효행구 도시건축과,031-5189-7709,2026-07-01
영풍,경기도 화성시 효행구 봉담읍 와우로 74-7,연립,1,132,13581.17,,효행구 도시건축과,031-5189-7709,2026-07-01
해오름마을 봉담그대가 2단지,경기도 화성시 효행구 봉담읍 참샘길 33,아파트,1,70,13191.969,,효행구 도시건축과,031-5189-7709,2026-07-01
스타캐슬 1차,경기도 화성시 효행구 비봉면 비봉로 90-3,주상복합,2,56,,,효행구 도시건축과,031-5189-7710,2026-07-01
스타캐슬 2차,경기도 화성시 효행구 비봉면 양노로 78-5,주상복합,2,72,,,효행구 도시건축과,031-5189-7710,2026-07-01
비봉 킹덤시티,경기도 화성시 효행구 비봉면 양노로 93,주상복합,1,96,,,효행구 도시건축과,031-5189-7710,2026-07-01
 화산국민주택,경기도 화성시 병점구 효행로 817-1,연립,7,198,,,병점구 도시건축과,031-5189-4236,2026-07-01
 신현대,경기도 화성시 병점구 효행로853번길 23,아파트,3,264,,,병점구 도시건축과,031-5189-4236,2026-07-01
 신현대2차,경기도 화성시 병점구 효행로853번길 31-9,아파트,6,282,,,병점구 도시건축과,031-5189-4236,2026-07-01
 효일목화,경기도 화성시 병점구 효행로 813-1,아파트,1,121,,,병점구 도시건축과,031-5189-4236,2026-07-01
한승미메이드2차,경기도 화성시 병점구 화산중앙로64번길 6,아파트,3,142,,,병점구 도시건축과,031-5189-4236,2026-07-01
 장안빌라 가동,경기도 화성시 만세구 송산면 삼일공원로 56,연립,1,12,1019.52,,만세구 현장민원실,031-5189-1394,2026-07-01
장안빌라 나동,경기도 화성시 만세구 송산면 삼일공원로 50,연립,1,21,1590.12,,만세구 현장민원실,031-5189-1394,2026-07-01
렉스타운,경기도 화성시 만세구 송산면 송산포도로 102-25,아파트,1,47,6970.59,,만세구 현장민원실,031-5189-1394,2026-07-01
솔이퍼스트,경기도 화성시 병점구 안녕북길 92,도시형생활주택,2,35,,,병점구 도시건축과,031-5189-4236,2026-07-01
동탄역 남해오네뜨 더테라스,경기도 화성시 동탄구 동부대로 952,아파트,10,147,,031-378-3540,동탄구 도시건축과,031-5189-6742,2026-07-01
중흥S클래스 더테라스리버파크3차,경기도 화성시 동탄구 동탄기흥로277번길 59,연립,10,104,,031-8077-4705,동탄구 도시건축과,031-5189-6742,2026-07-01
중흥S클래스 더테라스리버파크2차,경기도 화성시 동탄구 동탄기흥로353번길 96,연립,10,104,,031-8005-8356,동탄구 도시건축과,031-5189-6742,2026-07-01
삼괴,경기도 화성시 만세구 우정읍 조암로 52-5,연립,2,39,1092.9,,만세구 도시건축과,031-5189-1251,2026-07-01
우정,경기도 화성시 만세구 우정읍 조암서로22번길 7-3,연립,1,40,2347.56,,만세구 도시건축과,031-5189-1251,2026-07-01
 문영,경기도 화성시 만세구 우정읍 조암서로13번길 21,아파트,1,30,2079.36,,만세구 도시건축과,031-5189-1251,2026-07-01
미성고층아파트 101동,경기도 화성시 만세구 우정읍 조암로 53,아파트,1,49,4072.74,,만세구 도시건축과,031-5189-1251,2026-07-01
조암기산아파트 101동,경기도 화성시 만세구 우정읍 조암서로13번길 14,아파트,1,99,9629.28,,만세구 도시건축과,031-5189-1251,2026-07-01
미성아파트 102동,경기도 화성시 만세구 우정읍 조암로 48-3,아파트,1,34,2812.23,,만세구 도시건축과,031-5189-1251,2026-07-01
테라스 더 모스트 ,경기도 화성시 동탄구 동탄대로4가길 5,연립,9,140,,031-372-3319,동탄구 도시건축과,031-5189-6742,2026-07-01
태안연립주택,경기도 화성시 병점구 병점로 23-5,연립,3,54,,,병점구 도시건축과,031-5189-4236,2026-07-01
병점국민주택,경기도 화성시 병점구 병점로 23-6,연립,3,72,,,병점구 도시건축과,031-5189-4236,2026-07-01
동심주택,경기도 화성시 만세구 향남읍 도이1길 49,연립,1,21,1229.58,,만세구 도시건축과,031-5189-1251,2026-07-01
 대성,경기도 화성시 만세구 향남읍 푸른들판로257번길 43,연립,2,40,3131.52,,만세구 도시건축과,031-5189-1251,2026-07-01
 신양,경기도 화성시 만세구 향남읍 푸른들판로257번길 31,아파트,1,70,1866.8,,만세구 도시건축과,031-5189-1251,2026-07-01
 신양고층,경기도 화성시 만세구 향남읍 푸른들판로257번길 25,아파트,1,117,9991.51,,만세구 도시건축과,031-5189-1251,2026-07-01
다성본빌,경기도 화성시 만세구 향남읍 삼천병마로 297번길 9-7,도시형생활주택,1,63,4356.8,,만세구 도시건축과,031-5189-1251,2026-07-01
진안동 월드메르디앙 2단지,경기도 화성시 병점구 병점4로 37,아파트,2,109,,,병점구 도시건축과,031-5189-4236,2026-07-01
동탄 솔리움 더 테라스,경기도 화성시 동탄구 동탄대로24길 102,도시형생활주택,5,73,,031-376-8628,동탄구 도시건축과,031-5189-6749,2026-07-01
메종 드 엘리프,경기도 화성시 만세구 수노을중앙로 389,빌라/도시형,15,116,,,만세구 현장민원실,031-5189-1396,2026-07-01
메종 드 엘리프,경기도 화성시 만세구 수노을중앙로 337,빌라/도시형,14,88,,,만세구 현장민원실,031-5189-1396,2026-07-01
SK뷰파크3차,경기도 화성시 병점구 동탄지성로 319-19,아파트,13,1086,,031-8077-4963,병점구 도시건축과,031-5189-4236,2026-07-01
남양뉴타운 LH10단지,경기도 화성시 만세구 남양읍 남양로786번길 15,아파트,6,1022,73216.0,031-357-7780,만세구 현장민원실,031-5189-1392,2026-07-01
화성남양LH9단지,경기도 화성시 만세구 남양읍 남양중앙로 316,아파트,5,782,59236.0,031-356-0573,만세구 현장민원실,031-5189-1392,2026-07-01
화성남양뉴타운 LH6단지,경기도 화성시 만세구 남양읍 남양로862번길 16,아파트,2,410,24090.0,031-358-3042,만세구 현장민원실,031-5189-1392,2026-07-01
화성남양뉴타운LH4단지,경기도 화성시 만세구 남양읍 시청로45번길 96,아파트,6,876,66828.0,031-357-5368,만세구 현장민원실,031-5189-1392,2026-07-01
남양뉴타운 LH19단지 행복주택,경기도 화성시 만세구 남양읍 남양중앙로 420,아파트,5,880,58345.29,031-355-6216,만세구 현장민원실,031-5189-1392,2026-07-01
남양뉴타운 LH20단지,경기도 화성시 만세구 남양읍 남양중앙로 419,아파트,10,1778,130191.0,031-357-0910,만세구 현장민원실,031-5189-1392,2026-07-01
화성남양뉴타운루나포레,경기도 화성시 만세구 남양읍 역골동로 152,아파트,9,486,64793.0,031-357-7831,만세구 현장민원실,031-5189-1392,2026-07-01
현대자동차사원,경기도 화성시 만세구 남양읍 남양로621번길 38,아파트,3,274,26918.0,031-356-9925,만세구 현장민원실,031-5189-1392,2026-07-01
현대자동차아파트 2단지,경기도 화성시 만세구 남양읍 시청로 102번길 11,아파트,7,490,41526.29,031-356-4285,만세구 현장민원실,031-5189-1392,2026-07-01
능동마을주공7단지제1,경기도 화성시 동탄구 동탄원천로 388-10,아파트,8,682,,031-8003-7043,동탄구 도시건축과,031-5189-6740,2026-07-01
능동마을주공7단지제2,경기도 화성시 동탄구 동탄지성로 150-12,아파트,11,963,,031-8003-7053,동탄구 도시건축과,031-5189-6740,2026-07-01
능동마을주공7단지제3,경기도 화성시 동탄구 동탄원천로 315-13,아파트,11,534,,031-613-7042,동탄구 도시건축과,031-5189-6740,2026-07-01
능동마을주공7단지제4,경기도 화성시 동탄구 동탄지성로 150-11,아파트,6,231,,031-613-7091,동탄구 도시건축과,031-5189-6740,2026-07-01
상록예가,경기도 화성시 동탄구 동탄원천로 315-18,아파트,8,707,,031-8003-0985,동탄구 도시건축과,031-5189-6740,2026-07-01
화성매송휴먼시아1단지,경기도 화성시 효행구 매송면 매송로360번길 13,아파트,9,649,51427.0,031-298-8166,효행구 도시건축과,031-5189-7709,2026-07-01
경남아너스빌,경기도 화성시 동탄구 동탄순환대로20길 69,아파트,12,924,,031-373-8862,동탄구 도시건축과,031-5189-6759,2026-07-01
새강마을휴먼시아5-2단지,경기도 화성시 동탄구 동탄중앙로 99,아파트,19,2342,,031-8015-0890,동탄구 도시건축과,031-5189-6749,2026-07-01
신동탄 롯데캐슬,경기도 화성시 병점구 효행로 1338-44,아파트,13,1185,,031-202-6112,병점구 도시건축과,031-5189-4739,2026-07-01
화성병점행복주택,경기도 화성시 병점구 병점노을1로 14,아파트,4,862,,031-226-3356,병점구 도시건축과,031-5189-4739,2026-07-01
화성태안6단지,경기도 화성시 병점구 병점2로 141,아파트,10,990,,031-233-1761,병점구 도시건축과,031-5189-4739,2026-07-01
화성태안8단지,경기도 화성시 병점구 병점3로 157,아파트,9,836,,031-236-5597,병점구 도시건축과,031-5189-4739,2026-07-01
상리삼봉마을,경기도 화성시 효행구 봉담읍 삼천병마로 1256-10,아파트,7,583,46333.0,031-298-8390,효행구 도시건축과,031-5189-7709,2026-07-01
화성봉담2 LH2단지,경기도 화성시 효행구 봉담읍 상리1길 37,아파트,6,1028,69585.0,031-227-8707,효행구 도시건축과,031-5189-7709,2026-07-01
화성봉담2 LH3단지,경기도 화성시 효행구 봉담읍 상리3길 135,아파트,8,1338,88075.0,031-296-9003,효행구 도시건축과,031-5189-7709,2026-07-01
화성봉담2 LH4단지,경기도 화성시 효행구 봉담읍 상리3길 111,아파트,3,602,35247.0,031-227-8313,효행구 도시건축과,031-5189-7709,2026-07-01
화성상리 LH1단지,경기도 화성시 효행구 봉담읍 삼천병마로 1256-13,아파트,3,450,28540.0,031-293-4718,효행구 도시건축과,031-5189-7709,2026-07-01
휴먼시아동화마을1단지,경기도 화성시 효행구 봉담읍 동화길 81-13,아파트,7,622,55421.0,031-298-7172,효행구 도시건축과,031-5189-7709,2026-07-01
휴먼시아동화마을2단지,경기도 화성시 효행구 봉담읍 동화새터길 89,아파트,11,915,70798.0,031-298-4461,효행구 도시건축과,031-5189-7709,2026-07-01
휴먼시아동화마을3단지,경기도 화성시 효행구 봉담읍 동화새터길 121,아파트,10,842,63455.0,031-298-6080,효행구 도시건축과,031-5189-7709,2026-07-01
휴먼시아동화마을4단지,경기도 화성시 효행구 봉담읍 동화새터길 118,아파트,7,480,40813.0,031-298-2821,효행구 도시건축과,031-5189-7709,2026-07-01
힐스테이트 봉담,경기도 화성시 효행구 봉담읍 상리3길 90,아파트,13,1004,141571.0,031-297-0390,효행구 도시건축과,031-5189-7709,2026-07-01
화성봉담2그랑드비체,경기도 화성시 효행구 봉담읍 상리3길 87,아파트,11,1456,164934.0,031-292-3933,효행구 도시건축과,031-5189-7709,2026-07-01
화성비봉LH1단지,경기도 화성시 효행구 비봉면 새비봉동로 37,아파트,3,652,42393.0,031-356-6327,효행구 도시건축과,031-5189-7710,2026-07-01
화성비봉LH2단지,경기도 화성시 효행구 비봉면 새비봉동로 17,아파트,4,440,25686.0,031-356-3953,효행구 도시건축과,031-5189-7710,2026-07-01
화성비봉 LH5단지,경기도 화성시 효행구 비봉면 새비봉서로 96,아파트,15,894,57972.27,031-355-3203,효행구 도시건축과,031-5189-7710,2026-07-01
화성비봉 LH4단지,경기도 화성시 효행구 비봉면 새비봉남로 40,아파트,10,727,55556.96,031-357-0727,효행구 도시건축과,031-5189-7710,2026-07-01
동탄2LH35단지,경기도 화성시 동탄구 동탄순환대로10길 30-23,아파트,7,1768,,031-378-4621,동탄구 도시건축과,031-5189-5137,2026-07-01
동탄호수공원경기행복주택,경기도 화성시 동탄구 동탄순환대로10길 20,아파트,6,995,,031-376-4825,동탄구 도시건축과,031-5189-5137,2026-07-01
화성동탄LH35단지,경기도 화성시 동탄구 동탄순환대로10길 42,아파트,23,900,,031-376-3528,동탄구 도시건축과,031-5189-5137,2026-07-01
동탄 센트럴써밋(LH),경기도 화성시 동탄구 동탄신리천로 786,아파트,7,740,,031-374-8681,동탄구 도시건축과,031-5189-5137,2026-07-01
동탄2 하우스디 NHF,경기도 화성시 동탄구 동탄순환대로12길 67,아파트,13,872,,031-378-6027,동탄구 도시건축과,031-5189-5137,2026-07-01
동탄2 서희스타힐스24단지,경기도 화성시 동탄구 동탄순환대로 17길 15,아파트,8,882,,031-374-9680,동탄구 도시건축과,031-5189-5137,2026-07-01
동탄레이크자이더테라스 (B16BL),경기도 화성시 동탄구 동탄순환대로1길 64,연립주택,20,367,,031-377-9081,동탄구 도시건축과,031-5189-5137,2026-07-01
동탄레이크자이더테라스 (B15BL),경기도 화성시 동탄구 동탄순환대로1길 99,연립주택,7,116,,031-377-9081,동탄구 도시건축과,031-5189-5137,2026-07-01
동탄2 LH 40단지,경기도 화성시 동탄구 동탄신리천로8길 15,아파트,6,850,,031-376-3736,동탄구 도시건축과,031-5189-5137,2026-07-01
동탄2 동탄38단지 행복주택,경기도 화성시 동탄구 동탄신리천로5가길 35,아파트,35,1350,,031-378-9171,동탄구 도시건축과,031-5189-5137,2026-07-01
화성동탄2 LH행복주택38단지,경기도 화성시 동탄구 동탄신리천로5길 90,아파트,6,700,,031-376-5338,동탄구 도시건축과,031-5189-5137,2026-07-01
동탄2 신동포레 경기행복주택,경기도 화성시 동탄구 동탄신리천로2길 66,아파트,12,1500,,031-375-6497,동탄구 도시건축과,031-5189-5137,2026-07-01
힐스테이트 동탄 포레,경기도 화성시 동탄구 동탄신리천로4길 47,아파트,8,585,,031-372-5787,동탄구 도시건축과,031-5189-5137,2026-07-01
화성동탄로렌하우스,경기도 화성시 동탄구 동탄신리천로6길 23,연립주택,104,332,,031-378-8151,동탄구 도시건축과,031-5189-5137,2026-07-01
화성태안LH1단지아파트,경기도 화성시 병점구 장조4로 14,아파트,7,790,,031-222-5101,병점구 도시건축과,031-5189-4236,2026-07-01
화성태안LH2단지아파트,경기도 화성시 병점구 장조4로 34,아파트,7,640,,031-223-4100,병점구 도시건축과,031-5189-4236,2026-07-01
 수산중공업㈜ 사원임대,경기도 화성시 만세구 양감면 정문송산로 259,아파트,1,60,2753.4,,만세구 도시건축과,031-5189-1252,2026-07-01
동탄2 LH 4단지,경기도 화성시 동탄구 동탄순환대로 24길 101,아파트,16,2147,,031-373-9591,동탄구 도시건축과,031-5189-6740,2026-07-01
동탄2 LH1단지 A6블록,경기도 화성시 동탄구 동탄대로24가길 27,아파트,4,946,,031-376-7439,동탄구 도시건축과,031-5189-6740,2026-07-01
화성동탄2 LH2단지,경기도 화성시 동탄구 동탄영천로 108-21,아파트,14,1640,,031-378-6034,동탄구 도시건축과,031-5189-6740,2026-07-01
동탄 LH2단지,경기도 화성시 동탄구 동탄영천로 108-10,아파트,13,1390,,031-378-2208,동탄구 도시건축과,031-5189-6740,2026-07-01
화성동탄상록리슈빌,경기도 화성시 동탄구 동탄순환대로29길 57,아파트,8,672,,031-374-0672,동탄구 도시건축과,031-5189-6740,2026-07-01
동탄행복마을푸르지오,경기도 화성시 동탄구 동탄순환대로26길 81,아파트,11,1135,,031-378-6202,동탄구 도시건축과,031-5189-6740,2026-07-01
동탄역 플라쎄 더 테라스,경기도 화성시 동탄구 동탄순환대로30길 24,연립주택,11,166,,031-373-7974,동탄구 도시건축과,031-5189-6740,2026-07-01
기아사원1차,경기도 화성시 만세구 우정읍 기아자동차로 561-8,아파트,4,296,19563.0,031-358-2629,만세구 도시건축과,031-5189-1251,2026-07-01
기아사원2차,경기도 화성시 만세구 우정읍 남양만로 867-10,아파트,3,240,17688.0,031-358-7588,만세구 도시건축과,031-5189-1251,2026-07-01
동탄2 LH26단지,경기도 화성시 동탄구 동탄기흥로277번길 12,아파트,6,608,,031-378-9962,동탄구 도시건축과,031-5189-6742,2026-07-01
힐스테이트 동탄 더 테라스,경기도 화성시 동탄구 동부대로 933,빌라/도시형,9,125,,031-376-9335,동탄구 도시건축과,031-5189-6742,2026-07-01
동탄2LH행복주택28단지,경기도 화성시 동탄구 동탄순환대로2길 13,아파트,3,820,,031-372-2626,동탄구 도시건축과,031-5189-6742,2026-07-01
동탄2 롯데캐슬,경기도 화성시 동탄구 동탄대로2길 49,아파트,9,612,,031-375-7702,동탄구 도시건축과,031-5189-6742,2026-07-01
동탄 호수공원 리슈빌,경기도 화성시 동탄구 동탄대로3길 34,아파트,10,762,,031-377-9075,동탄구 도시건축과,031-5189-6742,2026-07-01
동탄호수공원아이파크,경기도 화성시 동탄구 동탄순환대로8길 14,아파트,6,774,,031-374-9510,동탄구 도시건축과,031-5189-6742,2026-07-01
화성동탄2 NHF 엘크루,경기도 화성시 동탄구 동탄대로1길 96,아파트,10,856,,031-378-8516,동탄구 도시건축과,031-5189-6742,2026-07-01
동탄2 풍림아이원,경기도 화성시 동탄구 동탄대로1길 20,아파트,5,448,,031-378-4992,동탄구 도시건축과,031-5189-6742,2026-07-01
동탄호수공원자연앤자이,경기도 화성시 동탄구 동탄순환대로8길 11,아파트,8,965,,031-378-7783,동탄구 도시건축과,031-5189-6742,2026-07-01
화성태안주공12단지,경기도 화성시 병점구 병점4로 103,아파트,13,1178,,031-233-1762,병점구 도시건축과,031-5189-4236,2026-07-01
화성 진안1 따복하우스,경기도 화성시 병점구 효행로 988-14,다세대(도시형),1,16,,,병점구 도시건축과,031-5189-4236,2026-07-01
화성 진안2 따복하우스,경기도 화성시 병점구 효행로1040번길 9,다세대(도시형),1,15,,,병점구 도시건축과,031-5189-4236,2026-07-01
LH서봉마을 20단지,경기도 화성시 만세구 향남읍 벌말길 24,아파트,1,99,5510.08,031-352-1468,만세구 도시건축과,031-5189-1251,2026-07-01
서봉마을 5단지,경기도 화성시 만세구 향남읍 상신하길로 273번길 60,아파트,9,1242,89289.0,031-354-9755,만세구 도시건축과,031-5189-1251,2026-07-01
서봉마을센텀벨라19단지,경기도 화성시 만세구 향남읍 벌말길 16,아파트,6,357,52477.0,031-353-6143,만세구 도시건축과,031-5189-1251,2026-07-01
향남2지구 서봉마을 1단지,경기도 화성시 만세구 향남읍 상신하길로 356번길 15,아파트,4,544,41561.0,031-8059-5673,만세구 도시건축과,031-5189-1251,2026-07-01
향남시범 한우물마을 휴먼시아6단지,경기도 화성시 만세구 향남읍 행정남로 99-16,아파트,18,1330,99916.0,031-8059-0561,만세구 도시건축과,031-5189-1251,2026-07-01
향남한우물5단지,경기도 화성시 만세구 향남읍 행정남로 99-15,아파트,16,1150,85989.0,031-8059-5131,만세구 도시건축과,031-5189-1251,2026-07-01
화성 향남 서봉마을 2단지 ,경기도 화성시 만세구 향남읍 상신하길로356번길 29-16,아파트,5,704,53163.0,031-354-7892,만세구 도시건축과,031-5189-1251,2026-07-01
화성발안 LH1단지,경기도 화성시 만세구 향남읍 발안공단로 92-12,아파트,2,608,35173.0,031-8047-4995,만세구 도시건축과,031-5189-1251,2026-07-01
화성향남2 언덕마을 18단지,경기도 화성시 만세구 향남읍 상신하길로 35,아파트,10,1742,105644.0,031-8059-5320,만세구 도시건축과,031-5189-1251,2026-07-01
화성향남 언덕마을 15단지,경기도 화성시 만세구 향남읍 향남로39번길 22,아파트,21,922,63873.0,031-366-2017,만세구 도시건축과,031-5189-1251,2026-07-01
향남시범 복사꽃마을휴먼시아,경기도 화성시 만세구 향남읍 행정동로 101,아파트,11,941,77061.0,031-354-0219,만세구 도시건축과,031-5189-1251,2026-07-01
서봉마을 사랑으로 부영6단지,경기도 화성시 만세구 향남읍 상신하길로 295,아파트 ,12,1005,153980.0,031-8059-7650,만세구 도시건축과,031-5189-1251,2026-07-01
향남부영17단지,경기도 화성시 만세구 향남읍 상신하길로 65,아파트,11,942,139198.0,031-354-5939,만세구 도시건축과,031-5189-1251,2026-07-01
향남7단지 부영,경기도 화성시 만세구 향남읍 상신하길로 274번길 21,아파트,11,948,137201.0,031-359-8422,만세구 도시건축과,031-5189-1251,2026-07-01
향남 오색마을 사랑으로 부영10단지,경기도 화성시 만세구 향남읍 하길로 70,아파트,11,980,152708.0,031-8047-6246,만세구 도시건축과,031-5189-1251,2026-07-01
향남 오색마을 사랑으로 부영11단지,경기도 화성시 만세구 향남읍 하길로 9,아파트,13,1124,175154.0,031-8047-6237,만세구 도시건축과,031-5189-1251,2026-07-01
향남 오색마을 사랑으로 부영9단지,경기도 화성시 만세구 향남읍 하길로 69,아파트,7,684,105865.0,031-8047-6254,만세구 도시건축과,031-5189-1251,2026-07-01
성일사원,경기도 화성시 만세구 향남읍 동오1길 19-20,연립,2,36,680.76,,만세구 도시건축과,031-5189-1251,2026-07-01
화성향남21단지,경기도 화성시 만세구 향남읍 방죽로 22-8,아파트,6,605,,031-8047-0077,만세구 도시건축과,031-5189-1251,2026-07-01
화성향남22단지,경기도 화성시 만세구 향남읍 방죽로 22-7,아파트,7,445,,031-353-3533,만세구 도시건축과,031-5189-1251,2026-07-01
