route_id,gg_route_id,route_no,route_type,route_type_cd,start_stop,end_stop,first_time,last_time,peek_alloc,npeek_alloc,night_alloc,dispatch_num,up_first,up_last,region,company,gg_route_name
GGB200000008,200000008,400,일반버스,13,수원시동부차고지,궁평항,0430,2300,30,40,0,,04:30,23:00,,남양여객,400
GGB200000013,200000013,999,일반버스,13,연화장,현대기아연구소,0420,2050,50,120,0,,04:20,20:50,,남양여객,999
GGB200000016,200000016,50-2,일반버스,13,서둔동차고지대기(미정차),남전2리종점,0520,2050,140,170,0,,05:20,20:50,,남양여객,50-2
GGB200000018,200000018,50-4,일반버스,13,서둔동차고지대기(미정차),쌍학리,0500,2020,120,140,0,,05:00,20:20,,남양여객,50-4
GGB200000020,200000020,50-5,일반버스,13,서둔동차고지대기(미정차),청요리,0610,2030,150,190,0,,06:10,20:30,,남양여객,50-5
GGB200000060,200000060,11,일반버스,13,수원시동부차고지,원시역2번출구,0400,2040,12,17,0,,04:00,20:40,,남양여객,11
GGB200000149,200000149,7790,직행좌석버스,11,협성대정문,사당역(중),0500,2330,10,25,25,,05:00,23:30,,경진여객,7790
GGB200000152,200000152,15-1,일반버스,13,서부공용차고지(미정차),아이원.호수자이파밀리에,0440,2030,30,50,0,,04:40,20:30,,제부여객,15-1
GGB200000237,200000237,5-2,일반버스,13,서둔동차고지대기(미정차),아이원.호수자이파밀리에,0500,2200,22,32,0,,05:00,22:00,,제부여객,5-2
GGB200000282,200000282,5-3,일반버스,13,동부차고지,아이원.호수자이파밀리에,0500,2220,38,48,0,,05:00,22:20,,남양여객,5-3
GGB216000061,216000061,3102,직행좌석버스,11,새솔고,강남역우리은행,0510,2330,15,30,,,05:10,23:30,,경원여객,3102
GGB216000064,216000064,310,일반버스,13,대광아파트,안산대학교,0520,1920,45,150,,,05:20,19:20,,제부여객,310
GGB234001568,234001568,721,일반버스,13,영통차고지대기(미정차),반도10차,0500,2210,80,120,0,,05:00,22:10,,화성여객,721
GGB234001570,234001570,116-2,일반버스,13,영통차고지대기(미정차),갈곶동.KCC스위첸아파트,0500,2220,30,80,0,,05:00,22:20,,화성여객,116-2
GGB234001577,234001577,M4130,광역급행버스,14,호수자이파밀리에.아이원,서울역버스환승센터(6번승강장)(중),0500,2300,5,25,0,,05:00,23:00,,화성여객,M4130
GGB234001619,234001619,M4434,광역급행버스,14,호수자이파밀리에.아이원,신분당선강남역(중),0520,2310,10,50,0,,05:20,23:10,,화성여객,M4434
GGB234001622,234001622,M4137,광역급행버스,14,아이파크.센트럴시티,서울역버스환승센터(6번승강장)(중),0500,2300,5,30,0,,05:00,23:00,,화성여객,M4137
GGB223000032,223000032,701A,일반버스,13,동탄2차고지,곡반정동차고지,0450,2110,40,60,0,,04:50,21:10,,화성운수,701A
GGB223000056,223000056,708,일반버스,13,동탄2차고지,병점역사거리,0500,2305,20,24,0,,05:00,23:05,,화성운수,708
GGB223000058,223000058,73,일반버스,13,동탄2차고지,병점역사거리,0500,2235,15,22,0,,05:00,22:35,,화성운수,73
GGB233000004,233000004,1004,일반버스,13,장외리.오리골,수원역환승센터(4승강장),0410,2140,30,35,0,,04:10,21:40,,제부여객,1004
GGB233000005,233000005,330,일반버스,13,장외리.오리골,금정역,0400,2130,20,35,0,,04:00,21:30,,제부여객,330
GGB233000010,233000010,33-1,일반버스,13,경진여객차고지,구문천리,0600,2100,60,70,0,,06:00,21:00,,제부여객,33-1
GGB233000013,233000013,2,일반버스,13,경진여객차고지,고온리종점,0630,2130,50,80,0,,06:30,21:30,,제부여객,2
GGB233000015,233000015,4,일반버스,13,경진여객차고지,이화리종점,0600,2120,40,40,0,,06:00,21:20,,제부여객,4
GGB233000025,233000025,9,일반버스,13,경진여객차고지,궁평항,0600,2100,120,180,0,,06:00,21:00,,제부여객,9
GGB233000040,233000040,6,일반버스,13,경진여객차고지,구문천3리,0600,2100,80,85,0,,06:00,21:00,,제부여객,6
GGB233000046,233000046,8,일반버스,13,경진여객차고지,팔탄면행정복지센터,0630,2230,60,90,0,,06:30,22:30,,제부여객,8
GGB233000048,233000048,1,일반버스,13,경진여객차고지,장안4리(고잔)종점,0600,2140,40,50,0,,06:00,21:40,,제부여객,1
GGB233000052,233000052,2-1,일반버스,13,경진여객차고지,고온리종점,0700,2010,60,80,0,,07:00,20:10,,제부여객,2-1
GGB233000058,233000058,7,일반버스,13,경진여객차고지,노진리종점,0630,2130,60,60,0,,06:30,21:30,,제부여객,7
GGB233000067,233000067,1004-1,일반버스,13,전곡항.서해랑케이블카,수원역환승센터(4승강장),0500,1910,210,230,0,,05:00,19:10,,제부여객,1004-1
GGB233000077,233000077,1000,일반버스,13,장외리.오리골,동탄역(동측),0500,1930,120,180,0,,05:00,19:30,,제부여객,1000
GGB233000117,233000117,340-1,일반버스,13,제약공단공원,금정역,0515,2230,30,70,0,,05:15,22:30,,제부여객,340-1
GGB233000125,233000125,1008,직행좌석버스,11,현대기아연구소,사당역(중),0450,2240,40,60,0,,04:50,22:40,,제부여객,1008
GGB233000128,233000128,712,일반버스,13,만의사.마을회관,병점역사거리,0530,2245,30,60,0,,05:30,22:45,,화성운수,712
GGB233000131,233000131,6001,직행좌석버스,11,동탄2차고지,신분당선강남역(중),0510,2300,10,30,0,,05:10,23:00,,화성여객,6001
GGB233000133,233000133,116-3,일반버스,13,동탄2차고지,미금역.청솔마을.2001아울렛,0500,2200,25,45,0,,05:00,22:00,,화성여객,116-3
GGB233000135,233000135,8501,직행좌석버스,11,수원대학교,강남역우리은행,0510,2340,30,40,40,,05:10,23:40,,화성여객,8501
GGB233000136,233000136,6002,직행좌석버스,11,동탄2차고지,신분당선강남역(중),0500,2300,10,25,0,,05:00,23:00,,화성여객,6002
GGB233000139,233000139,8155,직행좌석버스,11,경진여객차고지,사당역(중),0500,2200,20,30,0,,05:00,22:00,,경진여객,8155
GGB233000140,233000140,1002,직행좌석버스,11,전곡항.서해랑케이블카,사당역(중),0430,2140,40,60,0,,04:30,21:40,,제부여객,1002
GGB233000142,233000142,6002-1,직행좌석버스,11,한화꿈에그린,신분당선강남역(중),0650,2130,20,330,0,,06:50,21:30,,화성여객,6002-1
GGB233000252,233000252,710,일반버스,13,만의사.마을회관,병점역사거리,0615,2140,140,245,0,,06:15,21:40,,화성운수,710
GGB233000254,233000254,203,일반버스,13,동탄2차고지,영흥수목원.영흥숲푸르지오파크비엔아파트,0610,2120,30,50,0,,06:10,21:20,,화성여객,203
GGB233000258,233000258,8156,직행좌석버스,11,제약공단공원,사당역(중),0515,2250,10,45,0,,05:15,22:50,,경진여객,8156
GGB233000265,233000265,4403,직행좌석버스,11,나루마을.월드반도,강남역티월드,0530,2250,5,70,0,,05:30,22:50,,화성여객,4403
GGB233000266,233000266,6003,직행좌석버스,11,동탄2차고지,판교역.낙생육교.현대백화점,0500,2300,10,20,0,,05:00,23:00,,화성여객,6003
GGB233000268,233000268,200,일반버스,13,경기고속차고지,반도10차,0550,1940,90,120,0,,05:50,19:40,,화성여객,200
GGB233000270,233000270,4108,직행좌석버스,11,나루마을.월드반도,서울역버스환승센터(6번승강장)(중),0520,2240,10,135,0,,05:20,22:40,,화성여객,4108
GGB233000274,233000274,39,일반버스,13,서둔동차고지대기(미정차),향남환승터미널,0530,2130,60,100,0,,05:30,21:30,,남양여객,39
GGB233000275,233000275,65,일반버스,13,동탄2차고지,화성시청.모두누림센터,0500,2000,60,80,0,,05:00,20:00,,화성여객,65
GGB233000276,233000276,116-5,일반버스,13,영통차고지대기(미정차),갈곶동.KCC스위첸아파트,0510,2230,50,70,0,,05:10,22:30,,화성여객,116-5
GGB233000277,233000277,67,일반버스,13,동탄2차고지,향남환승터미널,0500,2030,60,70,0,,05:00,20:30,,화성여객,67
GGB233000281,233000281,205,일반버스,13,경기고속차고지,동탄파크릭스,0600,2000,90,120,0,,06:00,20:00,,화성여객,205
GGB233000311,233000311,8000,직행좌석버스,11,협성대정문,금정역,0530,2250,46,50,,,05:30,22:50,,경진여객,8000
GGB233000320,233000320,340-2,일반버스,13,제약공단공원,금정역,0500,2200,30,70,0,,05:00,22:00,,제부여객,340-2
GGB233000321,233000321,6008,직행좌석버스,11,동탄2차고지,서초아트자이아파트,0500,2300,7,30,0,,05:00,23:00,,화성여객,6008
GGB233000322,233000322,G6009,직행좌석버스,11,호수자이파밀리에.아이원,잠실광역환승센터,0510,2250,10,30,0,,05:10,22:50,,화성여객,G6009
GGB233000325,233000325,7200,직행좌석버스,11,동탄2차고지(미정차),인덕원역1번출구,0520,2120,40,40,0,,05:20,21:20,,화성운수,7200
GGB233000326,233000326,1006,직행좌석버스,11,수원대학교,강남역나라빌딩앞,0530,2230,50,70,80,,05:30,22:30,,경진여객,1006
GGB233000327,233000327,G6010,직행좌석버스,11,오산역환승센터2층(2승강장),상갈역,0500,2245,30,40,0,,05:00,22:45,,화성여객,G6010
GGB233000328,233000328,G1003,직행좌석버스,11,현대기아연구소,양재역커피빈앞,0530,2230,20,40,0,,05:30,22:30,,제부여객,G1003
GGB233000329,233000329,G8157,직행좌석버스,11,향남주공18단지,양재역커피빈앞,0530,2230,30,40,,,05:30,22:30,,제부여객,G8157
GGB233000330,233000330,H101,일반버스,13,동탄2차고지,반정아이파크4단지정문,0500,2205,40,95,0,,05:00,22:05,,화성도시공사,H101
GGB233000331,233000331,H103,일반버스,13,향남시외터미널,수원역환승센터(2승강장),0520,2220,50,150,150,,05:20,22:20,,화성도시공사,H103
GGB233000332,233000332,M4448,광역급행버스,14,아이파크.센트럴시티,신분당선강남역(중),0510,2240,20,30,0,,05:10,22:40,,화성여객,M4448
GGB233000333,233000333,8502,직행좌석버스,11,수원대학교,강남역우리은행,0500,2300,25,60,0,,05:00,23:00,,화성여객,8502
GGB233000336,233000336,P9301(출근),직행좌석버스,11,나루마을.월드반도,잠실광역환승센터,0740,0800,20,0,0,,07:40,08:00,,코모빌리티협동조합,P9301(출근)
GGB233000337,233000337,P9301(퇴근),직행좌석버스,11,잠실광역환승센터,나루마을.한화꿈에그린2차,1736,1825,49,0,0,,17:36,18:25,,코모빌리티협동조합,P9301(퇴근)
GGB233000338,233000338,P9302(출근),직행좌석버스,11,호수자이파밀리에.아이원,잠실광역환승센터,0700,0720,20,0,0,,07:00,07:20,,코모빌리티협동조합,P9302(출근)
GGB233000339,233000339,P9302(퇴근),직행좌석버스,11,잠실광역환승센터,아이원.호수자이파밀리에,1725,1745,20,0,0,,17:25,17:45,,코모빌리티협동조합,P9302(퇴근)
GGB233000340,233000340,H102,일반버스,13,동탄2차고지,동탄역(서측),0520,2220,30,90,0,,05:20,22:20,,화성도시공사,H102
GGB233000342,233000342,H104,일반버스,13,향남시외터미널,송탄역,0520,2220,90,40,,,05:20,22:20,,화성도시공사,H104
GGB233000343,233000343,H105,일반버스,13,향남시외터미널,고온리종점,0500,2255,60,180,0,,05:00,22:55,,화성도시공사,H105
GGB233000344,233000344,H106,일반버스,13,차고지대기(미정차),조암농협,0550,2230,70,115,0,,05:50,22:30,,화성도시공사,H106
GGB233000345,233000345,H121,일반버스,13,향남시외터미널,계향2리,0510,2050,160,240,0,,05:10,20:50,,화성도시공사,H121
GGB233000346,233000346,H122,일반버스,13,향남시외터미널,계향2리,0640,2150,160,200,,,06:40,21:50,,화성도시공사,H122
GGB233000347,233000347,H120A,일반버스,13,수원역환승센터(4승강장),현대자동차출고센터,0550,0620,30,40,,,05:50,06:20,,화성도시공사,H120A
GGB233000348,233000348,H120B,일반버스,13,차고지대기(미정차),향남부영10.11단지,0820,1810,35,125,0,,08:20,18:10,,화성도시공사,H120B
GGB233000354,233000354,M4449,광역급행버스,14,한신대입구사거리,신분당선강남역(중),0510,2240,45,90,0,,05:10,22:40,,화성여객,M4449
GGB233000368,233000368,H161,일반버스,13,향남시외터미널,수원역환승센터(2승강장),0520,2200,180,210,,,05:20,22:00,,화성도시공사,H161
GGB233000369,233000369,H160,일반버스,13,화성의과학대학교,수원역환승센터(2승강장),0530,2120,90,200,0,,05:30,21:20,,화성도시공사,H160
GGB233000377,233000377,400A,일반버스,13,수원시동부차고지,서희스타힐스1.3단지,0430,2200,40,50,0,,04:30,22:00,,남양여객,400A
GGB233000378,233000378,H404,일반버스,13,바이오단지종점,수원역환승센터(6승강장),0500,2240,30,90,0,,05:00,22:40,,화성도시공사,H404
GGB233000379,233000379,H100,일반버스,13,동탄2차고지,화성의과학대학교,0500,2000,60,360,0,,05:00,20:00,,화성도시공사,H100
GGB233000382,233000382,H130,일반버스,13,비봉체육공원,원시역2번출구,0540,2250,200,90,0,,05:40,22:50,,화성도시공사,H130
GGB233000383,233000383,H340,일반버스,13,향남시외터미널,삼천리마을앞,0530,1920,290,290,0,,05:30,19:20,,화성도시공사,H340
GGB233000384,233000384,7790(예약),직행좌석버스,11,동일하이빌.상봉초등학교,사당역(중),0730,0810,20,0,0,,07:30,08:10,,경진여객,7790(예약)
GGB233000385,233000385,화성똑버스01,,50,동탄역(동측),동탄역(동측),0600,,0,0,0,,06:00,00:00,,산척여객DRT,화성똑버스01
GGB233000386,233000386,화성똑버스03,,50,향남환승터미널,화성문화원.향남환승터미널,0600,,0,0,0,,06:00,00:00,,화성여객DRT,화성똑버스03
GGB233000387,233000387,H123,일반버스,13,향남시외터미널,평택지제역,0430,2135,45,120,0,,04:30,21:35,,화성도시공사,H123
GGB233000389,233000389,18,일반버스,13,호수자이파밀리에,LH1단지.한양수자인,0530,2010,50,80,0,,05:30,20:10,,화성여객,18
GGB233000390,233000390,24,일반버스,13,병점역사거리,단독주택,0550,2040,40,180,,,05:50,20:40,,화성여객,24
GGB233000391,233000391,8156(예약),직행좌석버스,11,향남환승터미널,사당역(중),0655,0800,30,0,0,,06:55,08:00,,경진여객,8156(예약)
GGB233000392,233000392,6011,직행좌석버스,11,호수자이파밀리에.아이원,판교역.낙생육교.현대백화점,0510,2300,5,25,0,,05:10,23:00,,화성여객,6011
GGB233000393,233000393,화성시광역콜버스,직행좌석버스,11,협성대정문,사당역3번출구,0700,2120,20,305,0,,07:00,21:20,,화성여객M-DRT,화성시광역콜버스
GGB233000394,233000394,220,일반버스,13,병점복합타운,향남부영9단지,0500,2100,60,80,0,,05:00,21:00,,화성여객,220
GGB233000395,233000395,210,일반버스,13,경기고속차고지,우방아이유쉘1단지,0610,2030,60,80,0,,06:10,20:30,,화성여객,210
GGB233000396,233000396,211,일반버스,13,경기고속차고지,우방아이유쉘1단지,0550,2010,50,80,0,,05:50,20:10,,화성여객,211
GGB233000397,233000397,8155(예약),직행좌석버스,11,발안초등학교,사당역(중),0810,,0,0,0,,08:10,00:00,,경진여객,8155(예약)
GGB233000399,233000399,H107,일반버스,13,향남시외터미널,사곡사거리,0450,2120,40,65,0,,04:50,21:20,,화성도시공사,H107
GGB233000408,233000408,화성똑버스05,,50,(구)남양읍행정복지센터,남양도서관.동광뷰엘,0600,2300,10,10,10,,06:00,23:00,,화성여객DRT,화성똑버스05
GGB233000409,233000409,화성똑버스04,,50,봉담읍행정복지센터,봉담읍행정복지센터,0600,,0,0,0,,06:00,00:00,,화성여객DRT,화성똑버스04
GGB233000415,233000415,H1,일반버스,13,동탄2차고지,신동탄포레자이.율목초후문,0520,2225,25,30,0,,05:20,22:25,,화성도시공사,H1
GGB233000416,233000416,H2,일반버스,13,장지동농협,병점역후문,0500,2154,20,30,0,,05:00,21:54,,화성도시공사,H2
GGB233000417,233000417,H10-4,일반버스,13,향남시외터미널,야목역,0710,2140,150,210,0,,07:10,21:40,,화성도시공사,H10-4
GGB233000421,233000421,H13-5,일반버스,13,향남시외터미널,향남주공5단지,0600,2115,115,160,0,,06:00,21:15,,화성도시공사,H13-5
GGB233000422,233000422,H13-7,일반버스,13,향남시외터미널,부처내,0530,2155,85,135,,,05:30,21:55,,화성도시공사,H13-7
GGB233000424,233000424,208,일반버스,13,동탄국제고등학교,(임시)e편한세상동탄파크아너스,0500,2240,30,70,0,,05:00,22:40,,화성여객,208
GGB233000425,233000425,동탄역1(출근),일반버스,13,LH1단지.한양수자인,동탄역(서측),0700,0750,50,0,,,07:00,07:50,,화성도시공사,동탄역1(출근)
GGB233000426,233000426,6012,직행좌석버스,11,나루마을.월드반도,판교역동편,0510,2300,15,50,0,,05:10,23:00,,평택버스,6012
GGB233000441,233000441,5101,직행좌석버스,11,현대기아연구소,서울역버스환승센터,0500,2130,30,40,0,,05:00,21:30,,제부여객,5101
GGB233000444,233000444,H404-1,일반버스,13,화성의과학대학교,봉담읍행정복지센터,0510,2230,40,140,0,,05:10,22:30,,화성도시공사,H404-1
GGB233000448,233000448,207,일반버스,13,경기고속차고지,힐스테이트봉담프라이드시티,0530,1950,20,30,0,,05:30,19:50,,화성여객,207
GGB233000450,233000450,206,일반버스,13,경기고속차고지,LH1단지.한양수자인,0600,1950,40,70,0,,06:00,19:50,,화성여객,206
GGB233000451,233000451,동탄역9,일반버스,13,동탄역(서측),방교초.레이크자이더테라스,0600,2020,40,0,0,,06:00,20:20,,화성도시공사,동탄역9
GGB233000452,233000452,동탄역10,일반버스,13,동탄역(동측),동탄첨단산업지구,0600,2110,50,0,0,,06:00,21:10,,화성도시공사,동탄역10
GGB233000455,233000455,4403(예약),직행좌석버스,11,나루마을.월드반도,강남역티월드,0640,0640,0,0,0,,06:40,06:40,,화성여객,4403(예약)
GGB233000456,233000456,6001(예약),직행좌석버스,11,동탄2차고지,신분당선강남역(중),0510,2300,0,0,0,,05:10,23:00,,화성여객,6001(예약)
GGB233000457,233000457,6002(예약),직행좌석버스,11,동탄2차고지,신분당선강남역(중),0500,2300,30,45,0,,05:00,23:00,,화성여객,6002(예약)
GGB233000458,233000458,8501(예약),직행좌석버스,11,수원대학교,강남역우리은행,0630,0710,40,0,0,,06:30,07:10,,화성여객,8501(예약)
GGB233000459,233000459,G6009(예약),직행좌석버스,11,호수자이파밀리에.아이원,잠실광역환승센터,0510,2250,0,0,0,,05:10,22:50,,화성여객,G6009(예약)
GGB233000460,233000460,M4130(예약),광역급행버스,14,호수자이파밀리에.아이원,서울역버스환승센터(6번승강장)(중),0500,2300,0,0,0,,05:00,23:00,,화성여객,M4130(예약)
GGB233000461,233000461,M4137(예약),광역급행버스,14,아이파크.센트럴시티,서울역버스환승센터(6번승강장)(중),0500,2300,0,0,0,,05:00,23:00,,화성여객,M4137(예약)
GGB233000462,233000462,M4434(예약),광역급행버스,14,호수자이파밀리에.아이원,신분당선강남역(중),0520,2310,65,0,0,,05:20,23:10,,화성여객,M4434(예약)
GGB233000463,233000463,M4448(예약),광역급행버스,14,아이파크.센트럴시티,신분당선강남역(중),0510,2240,0,0,0,,05:10,22:40,,화성여객,M4448(예약)
GGB233000464,233000464,1007(예약),직행좌석버스,11,수원대학교,잠실광역환승센터,0440,2200,0,0,0,,04:40,22:00,,대원고속,1007(예약)
GGB233000465,233000465,1009(예약),직행좌석버스,11,수원대학교,잠실광역환승센터,0430,2145,0,0,0,,04:30,21:45,,대원고속,1009(예약)
GGB233000466,233000466,M4108(예약),광역급행버스,14,나루마을.월드반도,서울역버스환승센터(6번승강장)(중),0500,2250,10,0,0,,05:00,22:50,,대원고속,M4108(예약)
GGB233000467,233000467,M4403(예약),광역급행버스,14,나루마을.월드반도,강남역티월드,0520,2315,0,0,0,,05:20,23:15,,대원고속,M4403(예약)
GGB233000469,233000469,화성똑버스06-1,,50,향남시외터미널,해병대사령부종점,0530,2240,0,0,,,05:30,22:40,,화성도시공사DRT,화성똑버스06-1
GGB233000470,233000470,화성똑버스06-2,,50,향남시외터미널,해병대사령부종점,0600,2310,0,0,,,06:00,23:10,,화성도시공사DRT,화성똑버스06-2
GGB233000471,233000471,화성똑버스06-3,,50,화성푸드통합지원센터(로컬푸드직매장),기천1리.청솔마을,0600,2230,0,0,,,06:00,22:30,,화성도시공사DRT,화성똑버스06-3
GGB233000472,233000472,화성똑버스06,,50,향남시외터미널,해병대사령부종점,1145,1500,0,0,,,11:45,15:00,,화성도시공사DRT,화성똑버스06
GGB233000476,233000476,1010,직행좌석버스,11,임광1.2단지입구,국가기록원성남분원.코이카,0530,2240,30,50,0,,05:30,22:40,,대원고속,1010
GGB233000497,233000497,5,일반버스,13,경진여객차고지,호곡3리마을회관,0630,2200,30,35,0,,06:30,22:00,,제부여객,5
GGB234000015,234000015,1007,직행좌석버스,11,수원대학교,잠실광역환승센터,0440,2200,10,30,0,,04:40,22:00,,대원고속,1007
GGB234000068,234000068,720-3,일반버스,13,새봄초등학교,단국대.치과병원,0445,2015,25,65,0,,04:45,20:15,,화성여객,720-3
GGB234000310,234000310,1009,직행좌석버스,11,수원대학교,잠실광역환승센터,0430,2145,3,40,0,,04:30,21:45,,대원고속,1009
GGB234000314,234000314,6004,직행좌석버스,11,동탄국제고등학교,신분당선강남역(중),0510,2250,10,45,0,,05:10,22:50,,화성여객,6004
GGB234000995,234000995,M4403,광역급행버스,14,나루마을.월드반도,강남역티월드,0520,2315,3,20,0,,05:20,23:15,,대원고속,M4403
GGB234001138,234001138,1551,직행좌석버스,11,수원대학교,양재역.서초문화예술회관(중),0510,2230,30,60,0,,05:10,22:30,,대원고속,1551
GGB234001245,234001245,M4108,광역급행버스,14,나루마을.월드반도,서울역버스환승센터(6번승강장)(중),0500,2250,5,25,0,,05:00,22:50,,대원고속,M4108
GGB234001290,234001290,1551B,직행좌석버스,11,수원대학교,강남역우리은행,0530,2250,30,60,0,,05:30,22:50,,대원고속,1551B
GGB241007259,241007259,5300-1,공항버스,53,모란역(공항버스),인천공항3층출국장(T2),0820,1350,100,120,0,,08:20,13:50,,,5300-1
GGB200000006,200000006,300,,13,수월암리공단,롯데백화점.범계역,0420,2130,10,15,0,,04:20,21:30,"군포,수원,안양,오산,의왕,평택,화성",삼경운수,300
GGB200000028,200000028,301,,13,수월암리공단,동안구청.달안초등학교.홈플러스,0420,2130,10,18,0,,04:20,21:30,"군포,수원,안양,오산,의왕,평택,화성",성우운수,301
GGB200000029,200000029,92-1,,13,동탄차고지,성균관대역.고용노동부경기지청.율전성당,0445,2210,10,11,0,,04:45,22:10,"수원,화성",수원여객,92-1
GGB200000031,200000031,300-1,,13,이목동차고지(미정차),홈플러스.벌말초교,0500,2200,140,160,0,,05:00,22:00,"수원,화성",성우운수,300-1
GGB200000043,200000043,64,,13,동탄차고지,안양역,0450,2150,70,80,0,,04:50,21:50,"군포,수원,안양,의왕,화성",수원여객,64
GGB200000045,200000045,7-1,,13,동탄차고지,경기대정문,0500,2240,18,20,0,,05:00,22:40,"수원,화성",수원여객,7-1
GGB200000053,200000053,20,,13,수원시동부차고지,운암주공1단지.운천중학교,0500,2200,35,40,0,,05:00,22:00,"수원,오산,용인,화성",수원여객,20
GGB200000055,200000055,25,,13,이목동차고지.이목동입구,계향2리,0500,2230,20,55,0,,05:00,22:30,"수원,화성",수원여객,25
GGB200000069,200000069,13-1,,13,수원남부버스공영차고지,금곡동강남아파트,0450,2200,15,19,0,,04:50,22:00,"수원,용인,화성",수원여객,13-1
GGB200000078,200000078,62-1,,13,동탄차고지,금곡동강남아파트,0500,2230,10,15,0,,05:00,22:30,"수원,화성",수원여객,62-1
GGB200000085,200000085,98,,13,이목동차고지.이목동입구,한화꿈에그린,0450,2210,18,22,0,,04:50,22:10,"수원,화성",수원여객,98
GGB200000090,200000090,13-5,,13,동탄차고지,당수동인정.한라.쌍용아파트,0640,2300,14,22,0,,06:40,23:00,"수원,화성",용남고속,13-5
GGB200000106,200000106,46,,13,오산교통차고지,팔달문,0500,2035,70,210,0,,05:00,20:35,"수원,오산,화성",오산교통,46
GGB200000144,200000144,99,,13,서부공용차고지(경유),쎈트럴써밋,0440,2030,30,50,0,,04:40,20:30,"수원,화성",용남고속,99
GGB200000148,200000148,35,,13,경기대정문,에일린의뜰.휴먼시아6단지,0440,2245,10,13,0,,04:40,22:45,"수원,화성",수원여객,35
GGB200000182,200000182,20-1,,13,수원시동부차고지,운암주공1단지.운천중학교,0450,2150,35,40,0,,04:50,21:50,"수원,오산,용인,화성",수원여객,20-1
GGB200000208,200000208,81,,13,수원시동부차고지,센트럴허브시티.송화초교,0500,2240,30,35,0,,05:00,22:40,"수원,용인,화성",수원여객,81
GGB200000211,200000211,20-2,,13,수원시동부차고지,신영통현대타운2단지,0450,2240,24,25,0,,04:50,22:40,"수원,용인,화성",수원여객,20-2
GGB200000265,200000265,30-1,,13,이목동차고지.이목동입구,수원대학교,0455,2250,15,20,0,,04:55,22:50,"수원,화성",수원여객,30-1
GGB200000272,200000272,32-4,,13,수원시동부차고지,향남주공18단지,0510,2130,85,125,0,,05:10,21:30,"수원,용인,화성",수원여객,32-4
GGB200000315,200000315,7-1A,,13,동탄2차고지,조원뉴타운,0500,2230,35,40,0,,05:00,22:30,"수원,화성",수원여객,7-1A
GGB216000007,216000007,123,,13,화성의과학대학교,탄도,0410,2200,20,30,0,,04:10,22:00,"시흥,안산,화성",태화상운,123
GGB216000010,216000010,99-1,,13,본오동종점,새솔동행정복지센터,0505,2300,20,30,0,,05:05,23:00,"안산,화성",경원여객,99-1
GGB216000037,216000037,10,,13,중앙역1번출구,별솔공원,0610,2340,15,25,0,,06:10,23:40,"안산,화성",경원여객,10
GGB216000046,216000046,5609,,11,새솔고,여의도환승센터(2번승강장),0510,2320,10,70,0,,05:10,23:20,"서울,시흥,안산,안양,화성",경원여객,5609
GGB216000069,216000069,13,,13,별솔공원,원시역1번출구,0600,2230,60,120,0,,06:00,22:30,"안산,화성",경원여객,13
GGB216000079,216000079,737,,13,전곡항.서해랑케이블카,구봉도,0800,1830,120,180,0,,08:00,18:30,"안산,화성",태화상운,737
GGB216000085,216000085,16,,13,상록수역3번출구건너편,별솔공원,0610,2300,40,60,0,,06:10,23:00,"안산,화성",경원여객,16
GGB223000008,223000008,7,,13,오산교통차고지,주공11단지후문,0500,2220,20,35,0,,05:00,22:20,"오산,화성",오산교통,7
GGB223000019,223000019,71,,13,오산교통갈곶영업소,동탄역(서측),0530,2000,120,200,0,,05:30,20:00,"오산,화성",오산교통,71
GGB223000022,223000022,21,,13,오산교통차고지,향남환승터미널,0530,1910,180,390,0,,05:30,19:10,"오산,평택,화성",오산교통,21
GGB223000023,223000023,22,,13,오산교통차고지,향남환승터미널,0600,1930,180,420,0,,06:00,19:30,"오산,평택,화성",오산교통,22
GGB223000077,223000077,31,,13,오산역환승센터2층(1승강장),세마역,0610,2120,50,145,0,,06:10,21:20,"오산,화성",오산교통,31
GGB223000082,223000082,111,,13,오산교통차고지,발안삼거리,0500,2230,25,35,0,,05:00,22:30,"오산,평택,화성",오산교통,111
GGB223000099,223000099,8,,13,오산교통갈곶영업소,서천마을3단지,0450,2150,8,14,0,,04:50,21:50,"수원,오산,용인,화성",오산교통,8
GGB223000100,223000100,202,,13,오산교통차고지,KT동수원지사,0500,2215,11,13,0,,05:00,22:15,"수원,오산,화성",오산교통,202
GGB223000105,223000105,9,,13,오산역환승센터2층(1승강장),지곶동.E편한세상아파트,0500,2145,15,40,0,,05:00,21:45,"오산,화성",오산교통,9
GGB223000132,223000132,201,,13,오산교통갈곶영업소,푸르지오월드마크.차세대융합기술연구원,0500,2150,45,70,0,,05:00,21:50,"수원,오산,평택,화성",오산교통,201
GGB228000199,228000199,24-2,,13,용인터미널,오산역환승센터1층(1승강장),0650,2140,210,240,0,,06:50,21:40,"오산,용인,화성",경남여객,24-2
GGB228000203,228000203,24-1,,13,용인터미널,오산역환승센터1층(1승강장),0620,2040,210,210,0,,06:20,20:40,"오산,용인,화성",경남여객,24-1
GGB228000204,228000204,24,,13,용인터미널,오산역환승센터1층(1승강장),0525,2205,35,50,0,,05:25,22:05,"오산,용인,화성",경남여객,24
GGB228000385,228000385,94,,13,기흥역4번출구.기흥역시외버스정류소,동탄역(동측),0600,2120,60,80,0,,06:00,21:20,"용인,화성",경남여객,94
GGB228000397,228000397,45,,13,한숲3단지,동탄역(서측),0600,2130,25,35,0,,06:00,21:30,"용인,화성",경남여객,45
GGB233000011,233000011,34,,13,수원시동부차고지,협성대학교정문,0500,2215,24,90,0,,05:00,22:15,"수원,용인,화성",용남고속,34
GGB233000012,233000012,34-1,,13,수원시동부차고지,협성대학교정문,0517,2230,34,75,0,,05:17,22:30,"수원,용인,화성",용남고속,34-1
GGB233000083,233000083,30,,13,이목동차고지.이목동입구,수원대학교,0450,2245,25,30,0,,04:50,22:45,"수원,화성",수원여객,30
GGB233000087,233000087,42,,13,이목동차고지.이목동입구,봉담읍행정복지센터,0500,2300,17,20,0,,05:00,23:00,"수원,화성",수원여객,42
GGB233000271,233000271,9802,,11,서둔동차고지대기(미정차),경진여객차고지,0500,2300,27,30,0,,05:00,23:00,"수원,화성",경진여객,9802
GGB233000272,233000272,8472,,11,서둔동차고지대기(미정차),안중터미널.안중보건지소,0500,2240,45,45,0,,05:00,22:40,"수원,평택,화성",경진여객,8472
GGB233000273,233000273,8471,,11,서둔동차고지대기(미정차),안중터미널.안중보건지소,0710,2028,250,250,0,,07:10,20:28,"수원,평택,화성",경진여객,8471
GGB234000021,234000021,700-2,,13,오리역,수원대학교,0500,2300,15,25,0,,05:00,23:00,"성남,수원,용인,화성",경기고속,700-2
GGB234000024,234000024,720-1,,13,영통차고지대기(미정차),성남역,0450,2220,20,45,0,,04:50,22:20,"성남,수원,용인,화성",경기고속,720-1
GGB234000026,234000026,720-2,,13,경기고속차고지,백현마을8단지,0500,2255,10,20,0,,05:00,22:55,"성남,수원,용인,화성",경기고속,720-2
GGB234000324,234000324,1550-1,,11,한신대스쿨버스정류장,신논현역.금강빌딩,0500,2350,9,25,0,,05:00,23:50,"서울,수원,오산,용인,화성",대원고속,1550-1
GGB234001708,234001708,1552,,11,한신대스쿨버스정류장,신분당선강남역(중),0550,2150,70,180,0,,05:50,21:50,"서울,오산,화성",대원고속,1552
GGB234001737,234001737,8202,,11,안성종합버스터미널,동탄역(동측),0530,2220,50,60,0,,05:30,22:20,"안성,화성",대원고속,8202
GGB241003550,241003550,8835,,51,안중버스터미널(시외),인천공항3층출국장(T2),0503,1250,110,140,0,,05:03,12:50,"인천,평택,화성",시외-대원고속,8835
GGB241003980,241003980,8822,,51,안중버스터미널(시외),인천공항3층출국장(T2),0430,1620,360,360,0,,04:30,16:20,"인천,평택,화성",시외-대원고속,8822
GGB241006889,241006889,8837,,51,호수자이파밀리에.아이원,인천공항3층출국장(T2),0400,1900,120,150,0,,04:00,19:00,"인천,화성",시외-대원고속,8837
GGB241007242,241007242,8840,,53,호수자이파밀리에.아이원,김포공항국내선(3번홈),0410,1850,120,150,0,,04:10,18:50,"서울,화성",시외-대원고속,8840
