순번,관할관청,운행업체,노선번호,기점,종점,인가거리,인가대수,출퇴근배차,평일배차,주말배차,주중상행첫차,주중상행막차,주말상행첫차,주말상행막차,주중하행첫차,주중하행막차,주말하행첫차,주말하행막차,비고
1,화성시,화성-소망교통,1번,소망의동산,소망의동산,8.2,1,0,0,,06:30,21:00,,,,,,,
2,화성시,화성-화성여객,1번,사강종점,고잔마을,35.7,1,80,190,190.0,06:40,15:40,08:30,15:10,07:20,16:10,09:00,15:40,
3,화성시,화성-향남교통,10번,장짐교차로,남양성지,40.1,0,140,220,220.0,08:40,14:40,08:40,14:40,09:50,15:40,09:50,15:40,
4,화성시,화성-향남교통,10-1번,장짐교차로,노하할인마트,22.7,0,50,225,225.0,06:00,21:15,06:00,21:15,06:25,21:35,06:25,21:35,
5,화성시,화성-향남교통,10-2번,장짐교차로,기천3리.키울,20.8,0,125,430,430.0,07:40,16:50,07:40,16:50,08:05,17:30,08:05,17:30,
6,화성시,화성-향남교통,10-3번,장짐교차로,나은병원,22.1,1,50,120,120.0,06:00,21:10,06:00,21:10,06:25,21:30,06:25,21:30,
7,화성시,화성-향남교통,10-3A번,장짐교차로,나은병원,26.6,1,0,0,0.0,10:40,15:40,10:40,15:40,11:10,16:15,11:10,16:15,
8,화성시,화성-향남교통,10-5번,장짐교차로,하저리마을회관,21.1,0,595,595,595.0,07:45,17:40,07:45,17:40,08:10,18:10,08:10,18:10,
9,화성시,화성-부광여객,100번,파크자이2차,파크자이2차,12.5,2,30,60,60.0,06:50,19:30,06:50,19:30,,,,,
10,화성시,화성-부광여객,100(A)번,파크자이1차,파크자이1차,11.3,2,30,60,60.0,06:50,19:30,06:50,19:30,,,,,
11,화성시,화성-명승교통,11번,병점아이파크캐슬.성호플레르빌,병점아이파크캐슬.성호플레르빌,7.4,2,30,35,40.0,06:00,22:05,06:35,22:00,,,,,
12,화성시,화성-향남교통,11-1번,정남농협,남양성지,56.2,0,170,200,200.0,07:20,21:40,07:20,21:40,08:55,20:30,08:55,20:30,
13,화성시,화성-명승교통,11-2번,병점역.화성청년지원센터,서천2차아이파크,14.9,9,8,15,25.0,05:30,22:25,06:30,22:25,05:35,22:10,06:30,22:10,
14,화성시,화성-명승교통,12번,병점역후문,반월e편한세상,25.0,5,56,56,55.0,06:00,22:26,06:30,22:30,06:15,22:10,06:30,22:30,
15,화성시,화성-향남교통,12번,장짐교차로,남양성지,37.9,1,110,200,200.0,05:45,19:35,05:45,19:35,06:40,21:00,06:40,21:00,
16,화성시,화성-향남교통,12-1번,장짐교차로,남양성지,47.1,1,0,0,0.0,07:30,17:45,07:30,17:45,15:00,,15:00,,
17,화성시,화성-명승교통,13번,병점역.화성청년지원센터,신영통현대아파트1단지,19.6,4,25,25,50.0,06:00,22:10,06:30,21:50,06:00,22:10,06:30,21:50,
18,화성시,화성-향남교통,13-1번,우림주공아파트,구문천1리진입로,25.5,7,8,40,90.0,05:50,21:30,05:50,21:30,05:50,21:30,05:50,21:30,
19,화성시,화성-향남교통,13-1A번,우림주공아파트,구문천3리,27.7,8,104,105,105.0,06:05,19:20,06:05,19:20,07:00,21:00,07:00,21:00,
20,화성시,화성-향남교통,13-2번,만세구청.화성종합경기타운,남양성지,38.5,6,20,70,70.0,05:30,20:30,05:30,20:30,06:30,21:40,06:30,21:40,
21,화성시,화성-향남교통,13-3번,독립운동기념관,상신3리입구.한양수자인,24.8,2,50,50,50.0,06:00,21:10,06:00,21:10,06:00,21:10,06:50,20:20,
22,화성시,화성-향남교통,13-3A번,독립운동기념관,상신3리입구.한양수자인,26.8,1,0,0,0.0,07:40,,07:40,,07:40,,08:40,,
23,화성시,화성-명승교통,13A번,병점아이파크캐슬.성호플레르빌,센트럴하이츠아파트,24.3,5,23,23,40.0,06:00,22:08,06:30,22:10,06:09,22:17,06:50,22:10,
24,화성시,화성-금오운수,17번,병점역후문,동탄역(동측),26.0,4,15,20,40.0,06:00,22:30,06:00,22:30,06:00,22:30,06:00,22:30,
25,화성시,화성-금오운수,17-1번,병점역후문,동탄역(동측),25.5,3,40,60,160.0,06:00,22:30,06:00,22:30,,,,,
26,화성시,화성-산척여객,19번,호수공원행복주택.호수부영6차,병점역사거리,30.4,10,18,40,72.0,05:15,21:30,05:15,21:30,06:00,22:25,06:00,22:25,
27,화성시,화성-산척여객,19-1번,힐스테이트동탄,병점역사거리,33.9,6,20,45,45.0,05:00,21:30,05:00,21:30,06:00,22:20,06:00,22:20,
28,화성시,화성-산척여객,19-2번,장지동농협,병점역사거리,32.3,1,130,165,165.0,05:20,20:15,05:20,20:15,06:25,21:20,06:25,21:20,
29,화성시,화성-산척여객,19-3번,LH1단지.한양수자인,병점역사거리,26.4,2,45,70,70.0,05:15,20:40,05:15,20:40,06:00,21:40,06:00,21:40,
30,화성시,화성-산척여객,19-5(A)번,장지동농협,동탄역(동측),30.1,1,50,60,60.0,06:20,21:15,06:20,21:15,07:10,22:05,07:10,22:05,
31,화성시,화성-산척여객,19-5(B)번,동탄역(동측),병점역사거리,50.1,3,60,130,130.0,05:30,19:40,05:30,19:40,07:15,21:25,07:15,21:25,
32,화성시,화성-산척여객,19-5(순환)번,(임시)e편한세상동탄파크아너스,(임시)e편한세상동탄파크아너스,9.4,1,0,0,0.0,05:30,21:40,05:30,21:40,,,,,
33,화성시,화성-화성여객,20번,사강종점,어도종점,19.8,2,25,90,130.0,06:00,19:00,06:00,19:00,06:25,19:30,06:25,19:30,
34,화성시,화성-화성여객,20-1번,사강종점,흥법리마을회관,20.1,1,60,200,180.0,06:50,19:00,06:50,18:00,07:10,19:20,07:10,18:20,
35,화성시,화성-화성여객,20-2번,사강종점,고정2리.고잔,16.0,1,60,200,220.0,07:00,18:00,07:40,17:20,07:20,18:20,08:00,17:40,
36,화성시,화성-화성여객,20-3번,(임시)서희스타힐스4차,바이오단지종점,32.3,2,40,100,170.0,05:50,18:00,05:50,18:00,06:30,18:50,06:30,18:50,
37,화성시,화성-화성여객,20-4번,(임시)서희스타힐스4차,사강종점,40.7,1,130,293,300.0,05:00,17:00,07:50,17:00,05:40,18:00,08:50,18:00,
38,화성시,화성-화성여객,20-5번,서희스타힐스3.1단지,사강종점,21.0,4,20,40,70.0,05:45,18:30,05:45,18:30,06:35,19:00,06:35,19:00,
39,화성시,화성-화성여객,20-6번,(임시)서희스타힐스4차,사강종점,20.6,4,20,40,110.0,05:30,18:10,05:30,18:10,06:10,18:40,06:10,18:40,
40,화성시,화성-다원교통,22번,남산공단입구,어천역,37.6,4,20,90,90.0,05:10,20:40,05:10,20:40,05:40,21:10,05:40,21:10,
41,화성시,화성-다원교통,22-2번,세영리첼,수원역10번출구.역전시장,47.5,2,30,120,120.0,06:20,20:00,06:20,20:00,,,,,
42,화성시,화성-다원교통,22-3(신경대)번,화성의과학대학교,수원역10번출구.역전시장,62.7,1,150,240,300.0,07:10,18:10,07:10,18:10,08:30,19:40,08:30,19:40,
43,화성시,화성-다원교통,22-3(장전)번,장전출발(미정차),수원역10번출구.역전시장,55.0,1,150,170,170.0,06:10,19:50,06:10,19:50,07:20,18:30,07:20,18:30,
44,화성시,화성-화성여객,22-4번,야목역,대방노블랜드5차,28.6,5,20,60,60.0,05:30,21:00,05:30,21:00,06:00,21:30,06:00,21:30,
45,화성시,화성-화성여객,22-5번,함백산추모공원,서희스타힐스1.3단지,31.4,8,15,30,40.0,05:00,21:00,05:00,21:00,05:30,21:35,05:30,21:35,
46,화성시,화성-매봉운수,22-6번,함백산추모공원,힐스테이트봉담프라이드시티,34.5,6,15,30,30.0,05:30,22:00,06:00,19:00,05:55,22:25,06:25,19:25,
47,화성시,화성-송산여객,22-7번,함백산추모공원,숙곡리,30.2,5,15,30,30.0,05:30,22:00,06:00,19:00,05:55,22:25,06:25,19:25,
48,화성시,화성-송산여객,22-8번,함백산추모공원,효행구청.분천교회,56.4,10,15,30,30.0,05:20,21:00,06:05,18:32,06:25,22:05,07:10,19:37,
49,화성시,화성-화성여객,26번,수원대학교,음양1길,46.0,10,20,30,60.0,05:30,21:20,05:30,21:20,06:40,22:30,06:40,22:30,
50,화성시,화성-금오운수,27번,병점역.화성청년지원센터,한림대성심병원,14.8,10,8,12,25.0,06:00,22:30,06:00,22:30,06:00,22:30,06:00,22:30,
51,화성시,화성-금오운수,27-2번,병점역후문,나루고등학교,20.0,0,97,117,,07:43,16:11,,,08:33,17:09,,,
52,화성시,화성-화성여객,3번,사강종점,지화2리,28.5,2,20,90,130.0,06:30,18:20,06:30,18:20,07:00,19:00,07:00,19:00,
53,화성시,화성-수성여객,3-2번,장짐삼거리(미정차),오산역환승센터2층(2승강장),53.6,1,140,180,180.0,06:00,19:40,06:00,16:40,07:10,20:50,07:10,20:50,
54,화성시,화성-소망교통,31번,분천리.효행구청,수원역환승센터(11승강장),22.8,7,15,20,55.0,05:20,21:00,05:20,21:00,,,,,
55,화성시,화성-소망교통,31-1번,힐스테이트봉담프라이드시티,수원역환승센터(11승강장),25.3,6,15,18,20.0,05:25,21:55,05:25,21:45,,,,,
56,화성시,화성-소망교통,31-2번,수원과학대학,수원역환승센터(11승강장),28.6,1,120,150,150.0,05:55,21:30,05:55,21:30,06:50,22:20,06:50,22:20,
57,화성시,화성-향남교통,33-3번,향남역,사곡사거리,35.9,3,0,0,0.0,05:40,20:20,06:00,20:00,06:40,21:20,07:00,21:00,
58,화성시,화성-수성여객,333번,수기교차로(미정차),오산역환승센터2층(2승강장),34.4,3,20,130,130.0,05:30,20:10,05:30,20:10,06:20,21:00,06:20,21:00,
59,화성시,화성-부광여객,35-1(A)번,보통2리,병점역사거리,20.6,5,15,30,55.0,06:15,12:05,06:30,12:10,,,,,
60,화성시,화성-부광여객,35-1(B)번,보통2리,병점역사거리,20.6,5,15,30,30.0,11:50,22:00,11:55,21:30,,,,,
61,화성시,화성-부광여객,35-2번,동보아파트,병점역사거리,25.1,3,20,35,35.0,06:00,22:25,06:10,21:45,,,,,
62,화성시,화성-부광여객,35-2(A)번,동보아파트,병점역사거리,22.1,3,0,0,0.0,12:40,13:25,12:10,13:00,,,,,
63,화성시,화성-향남교통,36번,농협하나로마트,구문천2리종점,21.2,0,160,175,175.0,10:35,21:10,10:35,21:10,11:00,21:30,11:00,21:30,
64,화성시,화성-향남교통,36-1번,농협하나로마트,하길1리종점,17.6,0,115,120,120.0,09:30,19:30,09:30,19:30,10:00,19:50,10:00,19:50,
65,화성시,화성-향남교통,36-2번,농협하나로마트,하길4리종점,22.6,0,125,125,125.0,14:30,16:35,14:30,16:35,14:55,17:00,14:55,17:00,
66,화성시,화성-향남교통,36-2A번,장짐교차로.축산농협,하길4리종점,20.9,0,0,0,0.0,08:30,,08:30,,08:50,,08:50,,
67,화성시,화성-향남교통,36-3번,장짐교차로.축산농협,구문천2리종점,23.1,0,0,0,0.0,06:40,,06:40,,07:15,,07:15,,
68,화성시,화성-향남교통,36A번,장짐교차로.축산농협,구문천2리종점,19.4,0,85,85,85.0,06:05,07:30,06:05,07:30,06:20,07:55,06:20,07:55,
69,화성시,화성-부광여객,38번,배양1동,우남퍼스트빌3차아파트,30.5,2,25,105,105.0,06:35,19:00,06:35,19:00,,,,,
70,화성시,화성-부광여객,38-1번,배양1동,우남퍼스트빌3차아파트,30.2,3,25,75,75.0,06:50,19:40,06:50,19:40,,,,,
71,화성시,화성-향남교통,39번,농협하나로마트,상신3리.검정골,18.6,0,60,175,175.0,10:40,21:30,10:40,21:30,11:05,21:50,11:05,21:50,
72,화성시,화성-산척여객,39번,(임시)e편한세상동탄파크아너스,동탄역(서측),24.0,1,70,100,100.0,05:30,20:15,05:30,20:15,06:15,20:55,06:15,20:55,
73,화성시,화성-향남교통,39-1번,농협하나로마트,상신3리.검정골,11.2,0,170,245,245.0,09:50,16:45,09:50,16:45,10:10,17:05,10:10,17:05,
74,화성시,화성-향남교통,39-2번,장짐교차로.축산농협,상신3리.검정골,19.3,0,0,0,0.0,07:10,,07:10,,07:25,,07:25,,
75,화성시,화성-향남교통,39A번,장짐교차로.축산농협,상신3리.검정골,16.9,0,35,105,105.0,06:00,08:50,06:00,08:50,06:15,09:15,06:15,09:15,
76,화성시,화성-화성여객,4번,사강종점,독지리종점,13.6,1,45,170,160.0,06:15,17:00,07:30,17:00,06:30,17:15,07:45,17:15,
77,화성시,화성-청진교통,5번,오산역환승센터1층(1승강장),아이원.호수자이파밀리에,12.7,5,15,45,60.0,06:00,22:30,06:00,22:30,06:00,22:30,06:00,22:30,
78,화성시,화성-화성여객,5번,화성의과학대학교,(임시)서희스타힐스4차,17.7,6,10,20,50.0,05:30,21:20,05:30,21:20,06:00,21:50,06:00,21:50,
79,화성시,화성-수성여객,50번,대광아파트,병점역사거리,63.3,2,60,110,110.0,05:15,21:00,05:15,21:00,05:25,19:30,05:25,19:30,
80,화성시,화성-다원교통,50-1번,수원과학대학,병점역사거리,18.0,4,10,45,60.0,05:40,21:30,05:40,21:30,06:10,21:00,06:10,20:55,
81,화성시,화성-매봉여객,50-2번,남양성지,사강정형외과,40.7,0,0,0,300.0,,,07:30,16:30,,,08:15,17:15,
82,화성시,화성-매봉여객,50-2(A)번,남양성지,남양성지,11.6,0,690,690,0.0,07:00,18:30,11:30,,,,11:30,,
83,화성시,화성-매봉여객,50-2(신남)번,남양성지,사강정형외과,46.4,1,0,0,,07:20,,,,08:15,,,,
84,화성시,화성-매봉여객,50-2(오전)번,남양성지,사강정형외과,45.8,1,120,120,,09:30,11:30,,,10:15,12:15,,,
85,화성시,화성-매봉여객,50-2(오후)번,남양성지,사강정형외과,45.8,0,120,120,,14:30,16:30,,,15:15,17:15,,,
86,화성시,화성-수성여객,50-3번,서희스타힐스3.1단지,병점역사거리,64.5,2,60,130,130.0,05:45,21:20,05:45,21:20,05:55,20:00,05:55,20:00,
87,화성시,화성-화성여객,50-5번,화성의과학대학교,신외2리.고잔,32.1,2,45,90,170.0,05:45,20:30,05:45,20:30,06:20,21:20,06:20,21:20,
88,화성시,화성-화성여객,50-8번,화성의과학대학교,새솔고,34.2,5,30,60,45.0,05:30,20:00,05:30,20:00,06:00,20:30,06:00,20:30,
89,화성시,화성-청진교통,6번,병점역후문,포스코2차.신미주아파트,14.4,1,70,70,70.0,06:00,22:30,06:00,22:30,,,,,
90,화성시,화성-소망교통,6-1번,힐스테이트봉담프라이드시티,수원역환승센터(11승강장),35.4,6,20,60,60.0,05:50,21:40,05:50,21:40,06:30,22:30,06:30,22:30,
91,화성시,화성-소망교통,6-2번,안녕우방아이유쉘,수원역환승센터(11승강장),24.8,2,40,80,80.0,05:20,21:20,05:20,21:20,06:00,22:10,06:00,22:10,
92,화성시,화성-다원교통,6-3번,보통2리,수원역환승센터(11승강장),27.7,1,90,120,120.0,06:20,20:50,06:20,20:50,,,,,
93,화성시,화성-다원교통,6-4번,보통3리입구,수원역환승센터(11승강장),28.1,2,90,120,120.0,05:40,20:30,05:40,20:30,06:20,21:30,06:20,21:30,
94,화성시,화성-매봉여객,7(매송)번,매송농협,매송면복지센터후문,14.9,1,420,420,0.0,10:00,17:00,10:00,,10:15,17:15,10:15,,
95,화성시,화성-매봉여객,7(송라)번,매송농협,삼미.쌍용아파트,26.0,1,120,120,120.0,09:00,11:00,09:00,11:00,09:30,11:30,09:30,11:30,
96,화성시,화성-매봉여객,7(아침)번,매송농협,오목천동사거리,11.1,1,40,50,,07:00,08:20,,,07:10,08:40,,,
97,화성시,화성-매봉여객,7(야목)번,매송농협,오목천동사거리,26.1,1,165,165,,12:15,15:00,,,12:45,15:40,,,
98,화성시,화성-수성여객,7-1번,보통3리입구,신미주아파트,26.3,2,50,100,100.0,05:50,21:50,05:50,21:50,06:40,21:50,06:40,21:50,
99,화성시,화성-수성여객,709번,서동탄역,치동천힐링마을,26.4,5,15,75,75.0,05:15,20:30,05:15,20:30,06:10,21:25,06:10,21:25,
100,화성시,화성-수성여객,709-1번,서동탄역,치동천힐링마을,25.0,6,10,75,75.0,05:10,20:30,05:10,20:30,06:05,21:30,06:05,21:30,
101,화성시,화성-수성여객,76번,비행장입구.세류역,반정아이파크4단지정문,28.1,2,35,90,90.0,05:50,21:55,05:50,21:55,06:50,21:10,06:50,21:20,
102,화성시,화성-수성여객,77번,수목원,요골,32.7,1,120,150,150.0,06:10,20:30,06:10,20:30,07:00,21:20,07:00,21:20,
103,화성시,화성-수성여객,78번,장짐삼거리(미정차),신왕2리마을회관,44.1,1,130,180,180.0,06:40,21:20,06:40,21:20,06:00,20:10,06:00,20:10,
104,화성시,화성-수성여객,79번,향남부영9단지,경기도종합사격장,46.6,1,140,190,190.0,06:20,21:10,06:20,21:10,07:30,20:10,07:30,20:10,
105,화성시,화성-수성여객,80번,향남부영10.11단지,병점역사거리,51.3,8,15,50,50.0,05:30,21:50,05:30,21:50,05:30,21:45,05:30,21:45,
106,화성시,화성-수성여객,9번,쌍용아파트,힐스테이트봉담프라이드시티,24.7,5,10,130,130.0,05:20,21:30,05:20,21:30,05:20,21:40,05:40,21:20,
107,화성시,화성-수성여객,9-1번,수영초등학교,수원대학교,13.5,1,20,90,120.0,06:00,21:15,06:00,21:15,,,,,
108,화성시,화성-산척여객,H11번,방아다리마을,현대트랜시스,29.2,3,45,50,50.0,05:40,21:30,05:40,21:30,06:30,22:20,06:30,22:20,
109,화성시,화성-산척여객,H12번,장지동농협,반월동행정복지센터,46.2,4,45,70,70.0,05:20,20:15,05:20,20:15,06:55,21:50,06:55,21:50,
110,화성시,화성-청진교통,H15번,동탄역(동측),LH1단지.한양수자인,16.3,2,45,60,150.0,06:00,22:30,06:00,22:30,06:00,22:30,06:55,21:45,
111,화성시,화성-산척여객,H17번,장지동농협,국민은행(마을),44.0,5,40,50,50.0,05:20,20:10,05:20,20:10,05:20,21:45,05:20,21:45,
112,화성시,화성-청진교통,H19번,오산대역후문,오산대역후문,14.2,4,15,40,60.0,06:00,22:30,06:00,22:30,,,,,
113,화성시,화성-청진교통,H20번,병점역후문,동탄역(동측),30.9,5,25,30,70.0,06:00,22:30,06:00,22:30,06:00,22:30,06:00,22:30,
114,화성시,화성-매봉여객,H3번,화성의과학대학교,(임시)서희스타힐스4차,16.1,2,20,60,60.0,14:00,22:00,15:00,22:00,14:30,22:30,15:30,22:30,
115,화성시,화성-수성여객,H4번,병점역.화성청년지원센터,아이원.호수자이파밀리에,29.1,4,20,40,50.0,22:00,02:50,22:20,02:30,22:00,02:50,22:00,02:50,
116,화성시,화성-수성여객,H5번,병점역.화성청년지원센터,아이원.호수자이파밀리에,33.2,4,25,30,55.0,22:00,02:50,22:00,02:25,22:00,02:50,22:00,02:25,
117,화성시,화성-화성도시공사,H50번,전곡항.서해랑케이블카,동미산입구,19.0,1,60,120,120.0,06:30,21:40,06:30,21:40,06:45,21:55,06:45,21:55,
118,화성시,화성-화성도시공사,H50-3번,차고지대기(미정차),우리중앙교회,24.9,1,105,120,120.0,05:40,22:30,05:40,22:30,06:10,23:00,06:10,23:05,
119,화성시,화성-화성도시공사,H50-6A번,차고지대기(미정차),금강아파트,18.2,1,100,120,120.0,05:40,21:45,05:40,21:45,06:20,22:25,06:20,22:25,
120,화성시,화성-화성도시공사,H50-6B번,차고지대기(미정차),금강아파트,20.1,1,100,120,120.0,06:00,22:45,06:00,22:45,06:40,23:30,06:40,23:30,
121,화성시,화성-화성도시공사,H50-7번,차고지대기(미정차),사강복지회관,30.3,1,90,110,110.0,06:00,22:00,06:00,22:00,06:35,22:35,06:35,22:35,
122,화성시,화성-화성도시공사,H51번,전곡항.서해랑케이블카,백미리사랑방,39.7,1,120,140,140.0,05:30,22:20,05:30,22:20,06:20,23:10,06:20,23:10,
123,화성시,화성-화성도시공사,H52번,전곡항.서해랑케이블카,궁평유원지종점,38.1,1,110,140,140.0,06:00,21:50,06:00,21:50,06:45,22:35,06:45,22:35,
124,화성시,화성-수성여객,H6(A)번,서동탄역,서동탄역,21.0,2,20,40,80.0,22:30,02:30,22:30,02:00,,,,,
125,화성시,화성-수성여객,H6(B)번,서동탄역,서동탄역,21.0,2,20,40,80.0,22:30,02:30,22:30,02:00,,,,,
126,화성시,화성-수성여객,H8번,신창아파트,수원대학교,16.4,2,40,50,100.0,22:30,02:50,22:30,02:50,22:30,02:50,23:20,02:10,
127,화성시,화성-산척여객,H9번,방교동일반산업단지,동탄역(동측),31.8,3,40,45,45.0,05:30,21:10,05:30,21:10,06:20,22:00,06:20,22:00,
128,화성시,화성-송산여객,공영2(삼존),(임시)서희스타힐스4차,사강종점,32.2,1,195,195,,07:45,11:00,,,08:45,12:00,,,
129,화성시,화성-송산여객,공영2(송정),(임시)서희스타힐스4차,사강종점,29.7,1,190,215,290.0,06:15,13:00,09:25,14:15,06:55,14:30,10:15,15:05,
130,화성시,화성-금오운수,동탄1순환(A),우남퍼스트빌,동탄역(동측),20.1,3,30,35,90.0,06:00,22:30,06:00,22:30,,,,,
131,화성시,화성-금오운수,동탄1순환(B),우남퍼스트빌,동탄역(동측),13.6,3,25,40,90.0,06:00,22:30,06:00,22:30,,,,,
132,화성시,화성-금오운수,동탄2순환(A),치동천힐링마을,단독주택,7.8,2,25,30,60.0,06:00,22:30,06:00,22:30,,,,,
133,화성시,화성-금오운수,동탄2순환(B),치동천힐링마을,단독주택,7.7,2,25,30,60.0,06:00,22:30,06:00,22:30,,,,,
134,화성시,화성-산척여객,동탄역1(출근),LH1단지.한양수자인,동탄역(서측),3.3,2,0,0,,07:00,07:50,,,,,,,
135,화성시,화성-수성여객,동탄역1(퇴근),동탄역(동측),LH1단지.한양수자인,3.2,3,20,20,,18:20,19:00,,,,,,,
136,화성시,화성-산척여객,동탄역2(출근),단독주택,동탄역(서측),4.9,3,0,0,,07:00,07:50,,,,,,,
137,화성시,화성-수성여객,동탄역2(퇴근),동탄역(동측),단독주택,4.8,3,20,20,,18:20,19:00,,,,,,,
138,화성시,화성-산척여객,동탄역3(출근),반도10차,동탄역(동측),10.4,3,15,15,,07:00,07:30,,,,,,,
139,화성시,화성-산척여객,동탄역3(퇴근),동탄역(서측),반도10차,10.3,3,15,15,,18:30,19:00,,,,,,,
140,화성시,화성-산척여객,동탄역4(출근),산척리,동탄역(동측),7.6,3,15,15,,07:10,07:40,,,,,,,
141,화성시,화성-산척여객,동탄역4(퇴근),동탄역(서측),산척리,7.4,3,15,15,,18:30,19:00,,,,,,,
142,화성시,화성-수성여객,동탄역5(출근),서동탄역,동탄역(서측),7.0,2,15,15,,07:00,07:30,,,,,,,
143,화성시,화성-수성여객,동탄역5(출근),서동탄역,동탄역(서측),7.0,2,15,15,,07:00,07:30,,,,,,,
144,화성시,화성-수성여객,동탄역5(퇴근),동탄역(동측),서동탄역,6.9,2,20,20,,18:25,19:00,,,,,,,
145,화성시,화성-수성여객,동탄역5(퇴근),동탄역(동측),서동탄역,6.9,2,20,20,,18:25,19:00,,,,,,,
146,화성시,화성-부광여객,동탄역6(출근),봉담읍행정복지센터,동탄역(서측),19.5,3,0,0,,06:25,07:00,,,,,,,
147,화성시,화성-부광여객,동탄역6(퇴근),동탄역(동측),봉담읍행정복지센터(좌회전전용),19.2,3,0,0,,18:30,19:00,,,,,,,
148,화성시,화성-수성여객,동탄역7(출근),신영통현대타운.두산위브,동탄역(서측),15.0,2,0,0,,06:35,07:10,,,,,,,
149,화성시,화성-수성여객,동탄역7(출근),신영통현대타운.두산위브,동탄역(서측),15.0,2,0,0,,06:35,07:10,,,,,,,
150,화성시,화성-수성여객,동탄역7(퇴근),동탄역(동측),신영통현대타운.두산위브,14.8,2,0,0,,18:30,19:00,,,,,,,
151,화성시,화성-수성여객,동탄역7(퇴근),동탄역(동측),신영통현대타운.두산위브,14.8,2,0,0,,18:30,19:00,,,,,,,
152,화성시,화성-산척여객,동탄역8(출근),쎈트럴써밋,동탄역(동측),11.5,3,15,15,,07:15,07:40,,,07:50,08:15,,,
153,화성시,화성-산척여객,동탄역8(퇴근),동탄역(서측),쎈트럴써밋,11.4,3,10,15,,18:35,19:05,,,18:35,19:05,,,
154,화성시,화성-화성도시공사,서해선셔틀,서화성역(셔틀버스전용),초지역4번출구,22.9,2,20,20,20.0,07:20,18:40,07:20,18:40,08:10,19:10,08:10,19:10,
155,화성시,화성-화성도시공사,서해선셔틀,서화성역(셔틀버스전용),초지역4번출구,22.9,2,20,20,20.0,07:20,18:40,07:20,18:40,08:10,19:10,08:10,19:10,
