ars,emd_cd,sttn_nm
36001,4159125621,남양뉴타운.현대2차
36002,4159125621,남양뉴타운.상가단지
36003,4159310200,보보스프라자
36004,4159325025,보보스프라자
36005,4159310200,기안중학교
36006,4159310200,기안중학교
36007,4159125621,남양6리.남양1리
36008,4159125621,남양6리.남양1리
36009,4159125621,우림아파트
36010,4159125621,우림아파트
36011,4159325027,봉담성당앞
36012,4159125621,동광뷰엘
36013,4159125032,조암시장.조암성당
36014,4159125621,남양성지
36015,4159125621,남양성지
36016,4159125621,동광뷰엘
36017,4159331022,원평사거리
36018,4159125621,기업은행
36019,4159125621,남양사거리
36020,4159331022,원평사거리
36021,4159125621,남양사거리
36022,4159125032,조암시장남쪽입구
36023,4159125621,남양중고교입구
36024,4159125621,양우내안애
36025,4159125621,(구)남양읍행정복지센터
36026,4159125621,(구)남양읍행정복지센터
36027,4159133021,전곡산업단지사거리
36028,4159125621,화성시청.모두누림센터
36029,4159125628,루나포레아파트
36030,4159125628,루나포레아파트
36031,4159125622,장덕2통.현대자동차연구소
36032,4159133021,전곡산업단지사거리
36033,4159710600,동원.다원중
36034,4159125621,공군부대입구
36035,4159125628,북양1리.봉림사
36036,4159125621,공군부대입구
36037,4159125621,대광아파트
36039,4159125621,대광아파트
36040,4159125628,북양2리
36041,4159125628,북양2리
36042,4159125628,북양1리.염티고개
36043,4159125628,북양1리.염티고개
36044,4159125627,무송1리마을입구
36045,4159125627,무송1리마을입구
36046,4159125627,무송교차로
36047,4159125627,무송교차로
36049,4159710200,솔빛동탄경남아너스빌
36050,4159125627,금광포란재아파트
36051,4159125626,금광포란재아파트
36052,4159125628,북양교차로
36053,4159125628,북양교차로
36054,4159325036,초당골
36055,4159325036,초당골앞
36056,4159325036,상기2리
36057,4159325036,상기2리
36059,4159325036,상기2리입구
36060,4159325036,상기2리입구
36061,4159325034,덕우저수지
36062,4159510200,홈플러스병점점(좌회전전용)
36063,4159325036,상기1리즘곰마을
36064,4159325036,즘곰마을.상기1리
36065,4159510500,반월리
36066,4159325036,상기1리호현리
36067,4159325036,호현리.상기1리
36068,4159325033,진우아파트
36070,4159325022,내리사거리
36071,4159325034,진우아파트
36072,4159325036,상기1리세거리
36073,4159325034,팔탄입구
36074,4159325033,팔탄입구
36075,4159325036,수원여대혜란캠퍼스
36076,4159325036,수원여대혜란캠퍼스
36077,4159325033,덕리
36078,4159325033,덕리
36079,4159510100,송산교입구
36080,4159325021,이곤선생효자문북단
36081,4159325030,해병대사령부
36082,4159325033,화성푸드통합지원센터(로컬푸드직매장)
36083,4159325030,해병대사령부
36086,4159325033,화성푸드통합지원센터(로컬푸드직매장)
36087,4159136027,대양1리.포도원
36088,4159136027,대양1리.포도원
36089,4159325030,당하리.흰돌산기도원입구
36090,4159325028,왕림4리.세곡리
36091,4159325030,당하리.흰돌산기도원입구
36092,4159325028,왕림4리.세곡리
36093,4159136027,대양1리
36094,4159136027,상두리입구
36095,4159325028,가톨릭대학교
36096,4159136027,대양1리
36097,4159325028,가톨릭대학교
36098,4159136027,상두리입구
36099,4159325028,아울렛패션몰
36100,4159136027,상두리입구
36102,4159325028,왕림리.상기리입구
36103,4159325028,왕림리.상기리입구
36104,4159135029,경진여객차고지
36105,4159136027,대양4리
36106,4159136027,대양4리
36107,4159136027,대양2리
36108,4159136027,대양2리
36109,4159325028,왕림휴게소
36110,4159325028,왕림휴게소
36111,4159325021,장안대학
36113,4159325021,장안대학
36115,4159136027,외딴집
36116,4159711100,장지지하차도
36117,4159711100,장지지하차도
36118,4159325021,삼봉마을.신안인스빌
36119,4159325021,삼봉마을.신안인스빌
36120,4159136021,양감농협
36121,4159136021,양감농협
36122,4159325021,봉담읍행정복지센터
36123,4159325021,봉담읍행정복지센터
36124,4159325021,봉담한신아파트
36125,4159325021,한신아파트
36126,4159136021,신왕3리.조리울
36127,4159136021,신왕3리.조리울
36128,4159325023,동화리.동남아파트
36130,4159325021,협성대학교(마을)
36131,4159325024,동화리.동남아파트
36132,4159136021,독줄입구
36133,4159136021,신왕2리.독줄입구
36134,4159325024,대진아이엠.LH3단지
36135,4159325023,대진아이엠.LH3단지
36136,4159510500,반월e편한세상
36137,4159510500,반월e편한세상
36138,4159333026,백1리
36139,4159325027,효행구청.분천교회
36141,4159510900,일진전기앞
36142,4159510900,일진전기앞
36143,4159325027,분천교회.효행구청
36144,4159136021,신왕공단
36145,4159136021,신왕공단
36146,4159325023,수영오거리.봉담입구
36147,4159325023,수영오거리.봉담입구
36148,4159325023,수영오거리.방송통신대입구
36149,4159333027,문학1리
36150,4159136021,솔안고개
36151,4159136021,솔안고개
36153,4159125621,남양아이파크(우회전전용)
36154,4159711300,방교동일반산업단지
36155,4159136025,솔안슈퍼
36156,4159325027,보통리입구
36158,4159325027,보통리입구
36159,4159325024,화성시민캠퍼스
36161,4159325024,화성시민캠퍼스
36162,4159136025,용소3리
36164,4159510200,중심상가
36165,4159136022,사창1리
36166,4159136022,사창1리
36167,4159136022,사창4리
36168,4159136022,동자골.사창3리
36169,4159325024,신일우남아파트
36172,4159310200,광도와이드빌
36173,4159136022,사창초등학교
36174,4159325024,SK매직.우림그린빌리지
36175,4159136022,사창초등학교
36176,4159310200,우림그린빌리지
36177,4159136022,삼풍전선
36178,4159136022,사창2리.요꼴
36179,4159136022,사창2리.요꼴
36180,4159136022,사창초등학교
36181,4159136022,삼풍전선
36182,4159136022,사창초등학교
36183,4159325024,봉담이마트
36184,4159136025,용소3리입구
36185,4159136025,용소3리입구
36186,4159325025,신일해피트리1차
36187,4159325025,와우농협앞
36188,4159510500,신동탄롯데캐슬
36189,4159125621,시티프라디움1차
36190,4159125622,대광2차아파트
36191,4159711400,남양상회
36192,4159510100,태안교차로
36193,4159325025,와우지구
36194,4159325025,와우지구
36195,4159325025,북촌말입구
36196,4159333023,보통2리
36197,4159325026,수기리아랫말
36198,4159136025,용소2리
36199,4159136025,용소2리
36200,4159325026,아랫말.수기리
36201,4159136024,까치고개
36202,4159136024,까치고개
36203,4159333024,관항2리
36204,4159325025,수원대학교
36205,4159711400,남양상회
36206,4159333023,보통2리
36209,4159510200,병점아이파크캐슬.성호플레르빌
36210,4159325025,수원대학교
36211,4159510200,병점아이파크캐슬.성호플레르빌
36212,4159333023,수원과학대학
36213,4159333023,수원과학대학
36214,4159325026,수기리
36215,4159325025,수원대학교
36216,4159325025,수원대학교
36217,4159325026,흥법사입구
36219,4159510200,병점역아이파크캐슬
36220,4159510200,병점복합타운
36223,4159333021,발산리
36225,4159333021,발산리
36226,4159333028,덕신상가
36227,4159333021,덕신상가
36228,4159325026,그린피아호텔
36229,4159325026,그린피아호텔
36230,4159510200,병점복합타운
36231,4159333021,정남도서관
36232,4159510200,병점역아이파크캐슬
36233,4159510200,새봄초등학교
36234,4159333022,정남농협
36235,4159333021,동남아파트
36236,4159333021,동남아파트
36237,4159333028,정남초등학교
36238,4159333021,정남초등학교
36239,4159333021,정남초등학교
36240,4159333022,정남파출소
36241,4159136023,양계장
36243,4159333022,정남파출소
36245,4159136023,양계장
36246,4159325026,남산공단입구
36247,4159136025,용소1리
36248,4159136025,용소1리
36249,4159325026,남산공단입구
36250,4159136023,정문1리
36251,4159136023,정문1리
36252,4159136023,정문2리
36253,4159136023,정문2리
36254,4159333022,왕재고개
36255,4159136024,송산1리
36256,4159136024,송산1리
36257,4159333030,삼일화학
36259,4159333022,왕재고개
36260,4159333022,빼골
36261,4159333022,빼골
36266,4159136024,송산4리
36267,4159136024,송산4리
36268,4159136024,서영정밀
36269,4159711300,방교동
36270,4159333036,내리교회
36272,4159136024,수산중공업
36274,4159333022,괘랑2리.차운혁충신정려문
36275,4159333022,괘랑2리.차운혁충신정려문
36276,4159333022,새터말
36277,4159333022,새터말
36278,4159136024,부처내
36279,4159333039,용수리
36280,4159333039,용수리
36281,4159510900,우미린센트포레1단지
36282,4159333022,앞말
36283,4159333022,앞말
36284,4159333039,고지리
36285,4159333039,고지리
36286,4159333039,고지리
36287,4159333038,고지리
36288,4159510800,용주사
36289,4159510800,용주사
36290,4159510900,돌고지
36291,4159333022,뱅뱅이
36292,4159510900,뱅뱅이
36293,4159510900,돌고지
36294,4159510900,한강CM
36295,4159510900,한강CM
36296,4159333034,금복리
36297,4159333034,금복리
36298,4159510600,망포고등학교
36299,4159333038,고지리
36300,4159333038,고지리
36301,4159510800,우남블루존.원광병원
36302,4159510800,우남블루존.원광병원
36303,4159333034,망월리
36304,4159510900,신한미지엔아파트앞
36305,4159510900,신한미지엔아파트앞
36306,4159333034,망월리
36307,4159510800,남수원현대아파트
36308,4159510800,남수원현대아파트
36309,4159333033,제기리.양지말
36310,4159333031,제기리.양지말
36311,4159510900,북촌말입구
36312,4159510900,안녕농협삼거리
36313,4159510900,안녕동
36314,4159510900,안녕농협삼거리
36315,4159510900,송산동입구
36316,4159333032,음양1리
36317,4159333032,음양1리
36318,4159510900,송산동입구
36319,4159510600,망포고등학교
36320,4159333036,내리
36321,4159510700,황계동
36322,4159510700,황계동
36323,4159510700,황계동입구
36324,4159333036,내리교회
36326,4159333033,덕절3리
36327,4159510900,동문아파트
36328,4159510800,안용중학교.현충공원
36329,4159333032,덕절3리
36330,4159333036,수면리
36331,4159333036,수면리
36332,4159510600,대황교.활주로
36333,4159510600,대황교.활주로
36334,4159333033,정남산업단지
36335,4159333033,덕절2리
36336,4159510100,진안5통.병점육교
36337,4159510100,진안5통.병점육교
36338,4159510200,병점역후문
36339,4159510100,병점역후문
36340,4159510100,병점입구.화남아파트.병점육교
36341,4159510100,병점입구.병점육교.화남아파트
36342,4159510100,병점구청.병점초등학교
36345,4159510200,병점역사거리
36346,4159132032,지화2리
36347,4159510100,병점화남아파트
36348,4159510200,한일타운아파트
36349,4159510200,한일타운아파트
36350,4159510200,센트럴허브시티.송화초교
36351,4159510200,홈플러스.벌말초교
36352,4159510200,대창그린아파트
36353,4159510200,주공1단지
36354,4159510100,진안동
36355,4159510100,진안동
36356,4159510200,주공1.2단지
36357,4159132034,육일2리.창말
36358,4159510200,우남퍼스트빌3차아파트
36359,4159510200,우남퍼스트빌3차아파트
36360,4159510200,주공1.2단지
36362,4159510300,성호아파트
36364,4159510200,성호아파트
36366,4159510200,우남퍼스트빌
36368,4159711100,진우물류센터
36369,4159510200,에듀포레
36370,4159510100,주공10.11단지
36371,4159510200,주공11단지.우남퍼스트빌2차
36372,4159510200,안화초교.주공8.9단지
36373,4159510200,안화초교.주공8.9단지
36374,4159510100,화산생태.체육공원
36376,4159510200,신창2차아파트
36377,4159510900,정조효공원.LH1단지
36378,4159510700,새터말입구
36379,4159510200,효성해링턴플레이스후문
36380,4159510200,주공8단지
36381,4159510300,우남퍼스트빌
36382,4159510900,LH1단지
36383,4159510200,주공7.8단지
36384,4159710500,그란비아스타
36386,4159510400,신미주아파트.주공6단지
36388,4159510400,SK뷰2차아파트
36389,4159510500,반월2통
36390,4159510300,아너스호텔
36391,4159510600,반정동
36392,4159510500,성지산업
36393,4159510500,신영통현대타운.두산위브
36394,4159125621,샘터교차로
36395,4159510500,삼성전자
36396,4159510500,반월리큰고개
36397,4159510500,삼성반도체
36399,4159510500,반월리큰고개
36400,4159325023,우방아이유쉘1단지
36403,4159510500,반월1통.반월삼거리
36405,4159510500,신동탄롯데캐슬
36406,4159510500,신동탄롯데캐슬
36407,4159325024,봉담읍행정복지센터(좌회전전용)
36408,4159510500,삼성반도체후문
36409,4159711500,센트럴힐즈.금강1차
36410,4159711400,금곡2리
36411,4159711400,산수유
36412,4159711400,금곡2리
36413,4159711400,산수유
36414,4159710300,한림대병원(중)
36416,4159125022,화수1리입구
36417,4159510600,반정아이파크5단지후문
36418,4159510600,반정아이파크5단지정문
36419,4159711400,금곡1리
36420,4159711400,금곡1리
36421,4159711400,대영가든
36422,4159711400,대영가든
36423,4159711400,한증막
36424,4159711400,한증막
36425,4159510600,반정아이파크5단지후문
36426,4159325025,수원대앞(마을)
36427,4159135021,어은1리한양빌라앞
36428,4159510600,반정아이파크4단지정문
36429,4159136022,요꼴
36430,4159125627,금광포란재아파트정문
36431,4159125621,남양뉴타운1단지
36432,4159711500,에일린의뜰아파트
36433,4159125631,장전교차로
36434,4159710600,포레너스아파트
36435,4159125326,하길초등학교
36436,4159711500,롯데캐슬.포스코더샵
36437,4159710600,동탄2LH4단지
36439,4159510500,반월자이더파크
36440,4159132034,육일리마을회관
36441,4159125627,롤링힐스
36442,4159510500,신동탄포레자이.율목초후문
36443,4159136027,신왕리
36444,4159125028,이화1리
36445,4159710500,한화.호반.대원
36446,4159710600,자이.우남퍼스트빌
36447,4159711500,예미지시그너스.우남퍼스트빌
36448,4159710600,반도유보라정문
36449,4159325027,봉담성당앞
36450,4159710600,반도유보라정문
36451,4159134029,지월리
36452,4159710600,경남.반도1차
36453,4159710600,영천초.계룡
36454,4159710600,영천1동
36455,4159710600,영천1동
36456,4159710600,동탄자동차검사소
36458,4159710500,센트럴푸르지오.호반베르디움2차
36459,4159710500,모아.반도1차아파트
36460,4159710500,신안2차.반도4차
36461,4159125028,이화3리입구
36462,4159125028,애덕가정
36463,4159710600,상록.테크노밸리.GS자이
36464,4159125028,이화1리마을회관
36465,4159710500,포스코더샵.롯데캐슬
36466,4159710500,한화.린스트라우스
36467,4159125331,요리중말
36468,4159710500,청목초.신안1차
36469,4159710500,우남퍼스트빌.예미지시그너스
36470,4159710600,동탄2파출소.농협
36471,4159125331,요리중말
36472,4159136025,용소교차로
36477,4159711500,의료시설부지
36479,4159510200,병점중학교
36480,4159711500,공공청사부지
36481,4159333032,황터입구
36482,4159710600,반도유보라후문
36483,4159510900,정조효공원
36484,4159510500,반월체육센터
36485,4159333038,소방서
36487,4159711500,반도3차.금강1차
36488,4159711500,반도3차.금강1차
36489,4159133030,고잔마을
36490,4159132032,지화리
36492,4159133023,상안리
36493,4159711000,나래학교.더샵레이크
36494,4159711200,레이크빌.하우스디더레이크
36496,4159132032,지화1리마을회관
36497,4159132032,지화1리
36498,4159133030,고잔마을
36499,4159710600,일진정공
36500,4159710600,일진정공
36501,4159711500,리베라CC.헤리엇
36502,4159711500,헤리엇.리베라CC
36503,4159710700,상록골프장.신나는교회
36504,4159710700,신나는교회.상록골프장
36505,4159710700,만의사.마을회관
36506,4159125621,남양아이파크
36507,4159125621,화성시청후문
36509,4159136024,송산교차로
36510,4159125621,화성시청후문
36511,4159710500,호반베르디움.롯데캐슬
36512,4159510500,신영통현대타운.두산위브
36513,4159710600,한백초중교
36514,4159710600,한백초중교
36515,4159710500,반도유보라.센트럴푸르지오
36520,4159125630,수화1리
36522,4159125630,수화리
36534,4159125632,신외리
36535,4159125632,신외리
36536,4159125633,문호1리.당너머마을
36538,4159125633,문호1리
36540,4159125633,문호리
36544,4159125633,문호2리입구
36550,4159125634,시1리
36555,4159125635,원천리
36558,4159125629,송림2리.잔다리
36559,4159125629,송림2리.잔다리
36560,4159125621,원천리입구
36562,4159131023,송정1리
36564,4159131023,송정리.큰말
36565,4159131023,송정1리마을회관
36566,4159131023,송정리
36567,4159131023,송정1리
36568,4159333038,제이마트앞
36578,4159333023,정남YBM연수원
36579,4159333023,정남YBM연수원
36580,4159125030,매향2리입구
36581,4159125030,매향2리입구
36582,4159125029,농장축산
36583,4159125030,인제카센터
36584,4159333034,경찰특공대
36585,4159325021,신수리
36586,4159325021,상2리입구
36587,4159333033,음양1길
36589,4159125030,매향리복지회관
36590,4159125631,장전교차로
36591,4159510500,신동탄롯데캐슬
36595,4159325022,봉담자이프라이드시티
36596,4159325022,힐스테이트봉담프라이드시티
36597,4159325022,힐스테이트봉담프라이드시티
36598,4159325022,봉담자이프라이드시티
36599,4159510200,서해스카이팰리스1단지.서영더엘3차
36602,4159510200,병점행복주택
36603,4159510200,유앤아이.화성청소년수련관
36604,4159325021,신수리
36605,4159125339,화성시남부노인복지관입구
36607,4159510500,반월체육센터
36608,4159325023,신창아파트
36611,4159125032,조암하나로마트
36612,4159125032,조암하나로마트
36615,4159510500,현대타운4단지입구
36616,4159510200,우남퍼스트빌.V타운2
36617,4159125031,화산5리
36618,4159135029,화산5리
36621,4159510200,우남퍼스트빌v2타운2
36622,4159333023,보통3리입구
36623,4159510200,주공1단지
36624,4159125322,발안천교
36625,4159125322,발안천교
36626,4159125341,화성고교차로
36627,4159125341,화성고교차로
36628,4159125322,발안1리경로당
36629,4159125322,발안1리경로당
36631,4159125328,상두1리.뒷말
36632,4159125338,도이2리마을입구
36634,4159325032,갈담
36635,4159325032,기산
36639,4159125621,남양현대2차
36646,4159333023,보통3리입구
36651,4159125027,배진개
36652,4159131021,화성직업훈련교정시설
36653,4159125341,(임시)장짐교차로
36654,4159710500,우남퍼스트빌.예미지시그너스(좌회전전용)
36655,4159133030,고개재
36656,4159125027,배진개
36657,4159132034,육일2리.창말
36658,4159132026,복우물
36659,4159332024,남전리
36660,4159510900,우미린센트포레1단지
36662,4159325025,신일해피트리2차아파트
36663,4159325025,홍익대.홍익디자인고
36664,4159710200,다은마을(중)
36665,4159332026,쌍학1리
36666,4159710200,메타폴리스(중)
36667,4159710200,메타폴리스(중)
36668,4159710200,한빛마을(중)
36669,4159711300,한국지역난방공사
36670,4159710200,동탄차고지
36671,4159710200,동탄차고지
36672,4159710300,예당마을.롯데캐슬(중)
36674,4159332026,쌍학1리
36675,4159710200,쌍용예가
36676,4159710200,동탄국제고등학교
36677,4159710200,동탄국제고등학교
36678,4159710200,나루마을.월드반도
36679,4159510200,새봄초등학교
36680,4159710200,솔빛마을.화성동탄중앙도서관
36681,4159711300,동탄2수질복원센터
36682,4159310200,기안성당
36683,4159710300,IT단지(중)
36684,4159310200,기안성당
36685,4159310200,신일해피트리후문
36686,4159510300,모아미래도.우림필유.평생학습관(중)
36687,4159510300,모아미래도.우림필유.평생학습관(중)
36688,4159510300,서동탄역.신일해피트리(중)
36689,4159510300,서동탄역.신일해피트리(중)
36690,4159310200,신일해피트리후문
36691,4159125621,신백중학교앞
36693,4159710900,베라체아파트
36694,4159711300,방교동일반산업단지
36696,4159333021,정남초등학교
36697,4159125326,하길중학교
36699,4159125027,화수사거리
36700,4159125032,조암조원마을
36701,4159125031,화산삼거리
36702,4159325028,상기리입구
36703,4159333027,문학리
36704,4159711300,방아다리마을
36706,4159135023,성문
36709,4159135025,장명초등학교
36710,4159510400,신미주아파트앞
36711,4159125333,갈천초등학교
36713,4159135025,장안6리.물구리
36714,4159135025,장안3리
36716,4159135030,노진3리
36717,4159135030,노진3리
36718,4159125026,관음사입구
36719,4159125628,유일병원
36721,4159710300,개나리공원
36722,4159135025,장안3리
36723,4159125021,복지회관
36724,4159125026,복지회관
36725,4159510500,에스케이뷰후문상가앞
36726,4159510500,반월중.고등학교앞
36727,4159135024,독정5리마을회관
36728,4159325024,동화초.동화휴먼시아3단지
36729,4159325028,상기리입구
36731,4159125325,구문천리초록마을
36732,4159125325,구문천리초록마을
36733,4159125325,구문천삼거리
36734,4159125325,구문천삼거리
36735,4159134034,고주리
36736,4159134034,고주리
36737,4159711500,포스코2차.신미주아파트
36738,4159125621,남양아이파크
36739,4159333027,문학1리
36740,4159125329,향남교회
36741,4159125329,향남교회
36742,4159125621,남양뉴타운4단지
36743,4159132024,용포1리.당뫼
36744,4159132024,용포1리.당뫼
36745,4159325022,내리교
36746,4159132024,용포2리.영계
36747,4159125329,향남초등학교
36748,4159125329,백토리사거리
36749,4159125329,한미공조앞
36751,4159325027,수원신학교
36752,4159325027,수원신학교
36753,4159510100,병점사거리.병점역입구
36754,4159510500,신동탄푸르지오
36755,4159510400,신동탄푸르지오
36756,4159510200,병점구청.하나로마트
36757,4159125324,상신8리마을앞
36758,4159125325,구문천리
36759,4159125325,제약공단후문.구문천1리입구
36760,4159125324,한양수자인후문
36761,4159125324,상신1리마을앞
36762,4159125324,제약공단사원아파트앞
36763,4159133025,제부해수탕
36764,4159134024,가재1리입구.자연샘
36765,4159133030,궁평2리.해운초등학교
36766,4159133031,용두2리
36767,4159133022,한국발효.당성(상안리)
36769,4159135030,노진5
36771,4159135030,노진2리(노인정)
36774,4159135026,덕다3리
36777,4159136021,양감면행정복지센터
36778,4159136027,신왕리
36779,4159136022,오가리
36780,4159136024,요꼴낚시터
36781,4159136024,요꼴낚시터
36782,4159333027,문학2리
36783,4159325022,내리사거리
36784,4159125627,무송2통.술현
36785,4159710600,반도유보라후문
36786,4159125031,화산1리
36787,4159135029,금광아파트
36788,4159125032,우정초등학교
36790,4159333027,문학리
36791,4159136022,오가리
36792,4159710600,센트럴상록.대방디엠시티
36793,4159510400,참누리아파트.기산중학교
36794,4159510400,행림마을.삼성래미안
36795,4159510100,중심상가
36796,4159125030,양지편
36797,4159135029,장안여자중학교
36798,4159135025,장안6리
36799,4159125030,화성드림파크
36800,4159125329,향남초등학교
36801,4159125337,관리마을회관
36802,4159125337,관리마을회관
36803,4159134025,구장1리(새터말.율암리)
36804,4159125621,남양뉴타운.양우내안애
36805,4159125622,기산베스트빌
36808,4159711100,장지동농협
36809,4159711100,장지동
36810,4159711100,꽃가마약수터
36811,4159710500,반도1차.경남
36812,4159710500,계룡.영천초
36813,4159125027,문화마을
36814,4159125022,호곡3리입구
36816,4159125022,호곡2리
36817,4159125022,호곡1리
36818,4159125027,경기요양병원
36819,4159125025,멱우2리
36820,4159125032,조암조원마을
36822,4159125032,청소년문화의집.우정읍복지센터
36823,4159125032,삼괴중고등학교
36824,4159125031,기아2차아파트앞
36825,4159125031,석천1리포도원
36826,4159125028,애덕의가정
36828,4159125028,이화2리앞(이화병원)
36829,4159125028,이화1리앞
36830,4159125030,화성드림파크
36831,4159125030,매향삼거리
36832,4159125030,기아후문입구
36833,4159125329,현대공조
36835,4159135021,어은1정미소앞
36837,4159125032,조암4리앞
36838,4159125622,기산베스트빌
36839,4159133030,궁평교회
36840,4159133031,용두2리
36841,4159710200,한빛마을.석우중학교(중)
36842,4159710600,상록.테크노밸리.GS자이
36843,4159333022,정남농협
36844,4159125322,화성시보건소앞
36845,4159134036,해창2리.능인대학원대학교
36846,4159135023,수촌3리
36847,4159135023,장의리
36848,4159135021,금의1리
36849,4159135022,석포5리
36850,4159134027,노하3리.백미정
36851,4159134027,노하3리
36852,4159134027,노하2리
36853,4159134027,노하1리
36854,4159134027,노하1리
36856,4159125027,주곡리
36857,4159125027,주곡리
36861,4159125027,호곡리
36862,4159125027,선창포구종점
36863,4159135029,경진여객차고지
36864,4159125027,경기요양병원
36865,4159125022,호곡3리입구
36868,4159125021,원안3리
36869,4159135021,어은1정미소앞
36870,4159135021,금의1리입구
36871,4159135023,수촌3리
36872,4159135023,수촌1리
36873,4159134036,해창리
36874,4159125322,동양빌딩앞
36875,4159125322,화성시보건소앞
36876,4159125321,발안만세시장
36878,4159125028,슈마타운
36879,4159125028,이화3리입구
36880,4159125028,이화2리앞
36881,4159135030,노진리종점
36882,4159333027,문학2리
36883,4159134032,월문온천
36884,4159134032,화당리
36885,4159135022,석포4리
36887,4159125027,금의3리
36888,4159125027,주곡1리
36890,4159125021,원안3리
36891,4159125026,화수사거리
36892,4159135028,주곡1리
36893,4159135028,금의3리
36894,4159135022,석포2리
36895,4159135022,석포2리
36896,4159135022,석포삼거리
36897,4159134031,서근리
36898,4159134036,해창리
36899,4159134032,화당리
36900,4159134032,월문리
36901,4159134032,월문리온천입구
36902,4159135022,석포리
36903,4159125029,석천2리입구
36904,4159125031,기아생활관
36905,4159125029,매향4리
36906,4159125031,석천1리포도원
36907,4159134025,구장1리
36908,4159125322,발안마을주공아파트
36909,4159135024,덕다2리앞(구래)
36910,4159135029,사곡사거리
36914,4159135030,노진초등학교
36917,4159135029,장안여자중학교
36918,4159125031,기아생활관
36920,4159125030,고온리종점
36921,4159125030,매향2리
36922,4159125030,매향2리
36923,4159125025,멱우2리
36924,4159135022,석포3리
36925,4159125321,발안만세시장
36926,4159135022,석포산업단지
36927,4159135022,석포5리.방농장
36928,4159135022,석포5리마을회관
36929,4159134027,정미소앞
36930,4159134027,노하2리
36931,4159134025,구장1리
36932,4159134031,서근리(느락골)
36933,4159134031,서근리
36934,4159134032,월문리
36935,4159135026,덕다1리
36936,4159125032,시장앞
36937,4159125032,시장앞
36938,4159133021,전곡항입구
36939,4159133021,전곡항입구
36940,4159125031,화산1리마을회관
36941,4159125031,화산1리종점
36942,4159135026,덕다1리
36943,4159711100,꽃가마약수터
36944,4159711100,한국제지
36945,4159711100,한원IC
36947,4159133025,살고지입구
36948,4159710200,나루마을상가
36950,4159125029,두레자연중고교
36951,4159125029,두레자연중고등학교
36952,4159125029,석천초등학교
36953,4159125029,돌담학습체험장
36954,4159125029,석천리
36955,4159125029,석천4리종점
36956,4159125030,석천3리
36957,4159333027,외골
36958,4159136024,송산교차로
36959,4159510100,송산교입구
36960,4159710300,이주단지
36961,4159710200,이주단지
36962,4159125027,주곡1리입구
36963,4159125021,원안2리
36964,4159125026,만세길방문자센터.화수2리
36965,4159135028,금의2리
36966,4159125021,거물마을
36967,4159125021,원안1리종점
36971,4159134021,하저리마을회관
36972,4159131029,청원3리입구
36975,4159325022,내리
36976,4159325021,상2리입구
36977,4159125621,화성시청
36978,4159125621,샘터교차로
36980,4159135025,장명초분교
36981,4159135024,장안9리입구
36983,4159135025,장안제일교회
36985,4159135025,장안6리
36986,4159135024,장안9리입구
36987,4159125026,화수초등학교
36988,4159125026,화수3리
36990,4159125030,노루물입구
36993,4159711500,신미주아파트
36994,4159710200,동탄파라곤
36995,4159710200,동탄파라곤
36996,4159510900,융건릉입구
36997,4159510900,융건릉입구
36998,4159510900,중외제약사거리
36999,4159510900,중외제약사거리
37000,4159310200,기안2통.우방메가시티아파트
37001,4159133025,제부도입구
37002,4159133025,제부도입구
37003,4159711500,동탄초교
37004,4159711100,서연중고등학교
37005,4159711100,서연중고등학교
37006,4159133025,개경촌
37007,4159133025,개경촌
37008,4159133025,살고지입구
37011,4159325035,하기등리
37012,4159133025,송교1리
37013,4159133025,송교1리
37014,4159133025,큰말입구
37015,4159133025,큰말입구
37016,4159133024,장외리.지긋말
37017,4159133024,장외리.지긋말
37018,4159125339,화성시남부복지관
37020,4159133024,장외리
37021,4159133024,장외리
37022,4159133030,궁평항
37025,4159133030,궁평해수욕장
37026,4159133030,궁평해수욕장
37028,4159332028,골재장
37029,4159133030,박고지
37030,4159133030,박고지
37031,4159133023,광평리
37032,4159133023,광평리
37033,4159332028,골재장
37034,4159125621,남양현대2차
37036,4159125628,북양3리
37037,4159711100,엘크루아파트
37038,4159711100,엘크루아파트
37039,4159711100,호수하우스디
37040,4159133028,매화리
37041,4159133028,매화리
37042,4159711100,금호어울림2차
37043,4159133028,서신
37044,4159711100,호수하우스디
37045,4159133028,서신터미널
37046,4159132033,중송1리
37047,4159711100,금호어울림2차
37048,4159133022,상안1.2리
37049,4159133022,상안1.2리
37050,4159325023,쌍용아파트
37051,4159134026,율암온천
37054,4159133022,상안2리.SK주유소
37056,4159125325,구문천2리종점
37057,4159133022,상안2리.SK주유소
37058,4159133022,상안1리
37059,4159133022,상안1리
37061,4159133022,신흥사
37062,4159133022,신흥사
37065,4159134023,기천1리
37066,4159134023,기천1리
37067,4159310200,기배동행정복지센터
37068,4159132034,육일2리.코스코밸리
37069,4159132034,육일2리.코스코밸리
37070,4159132026,쌍정리
37072,4159711500,금강1차.왕배초
37073,4159710600,동원.다원중
37076,4159132021,사강2리
37079,4159132026,쌍정2리
37080,4159132021,사강복지회관
37081,4159132021,사강복지회관
37082,4159711100,서연초.제일풍경채
37083,4159132026,쌍정1리.복우물
37084,4159132021,사강시장
37085,4159132021,사강시장
37086,4159711000,세정초.하우스디
37087,4159132025,고정4리
37088,4159132022,사강정형외과
37089,4159132021,송산농협.사강정형외과
37090,4159132025,정보화마을
37091,4159711100,제일풍경체.서연초
37094,4159132022,봉가1리
37095,4159132022,봉가1리
37096,4159132025,고정2리
37097,4159132023,돼지고개.삼존리물미
37098,4159132023,돼지고개.삼존리물미
37099,4159132023,삼존리
37100,4159132023,삼존리자동차성능시험장
37101,4159131026,구리섬휴게소
37102,4159131026,구리섬휴게소
37103,4159131026,외국인보호소
37104,4159131026,외국인보호소
37105,4159131022,마도사거리
37106,4159131022,마도사거리
37107,4159131022,재래시장.마도삼거리
37108,4159131022,재래시장.마도삼거리
37109,4159131022,두곡리
37110,4159131022,두곡리
37111,4159131025,바이오밸리
37112,4159711500,왕배초.금강1차
37113,4159325023,쌍용아파트
37114,4159131022,은장고개
37115,4159131022,쌍송리입구.은장고개
37116,4159131024,은장공단
37117,4159131024,은장공단
37118,4159131024,쌍송공단
37119,4159131024,쌍송공단
37122,4159135021,어은삼거리
37124,4159135021,어은4리
37125,4159135021,어은4리
37126,4159135027,장안면행정복지센터
37127,4159135027,장안면행정복지센터
37128,4159332022,남전2리종점
37129,4159135027,사랑리
37130,4159135027,사랑리
37131,4159135026,덕다리입구
37134,4159711500,반도8차
37135,4159325026,호수마을
37136,4159135024,독정1리
37137,4159135024,독정1리
37138,4159125322,우림주공아파트
37139,4159135024,독정삼거리
37140,4159135024,독정삼거리
37141,4159135024,독정2리
37142,4159135024,독정2리
37143,4159310200,기배동행정복지센터
37144,4159332024,삼화1리
37145,4159325025,와우사거리
37146,4159325025,와우사거리
37147,4159135024,감드러지.독정3리
37148,4159135024,감드러지.독정3리
37149,4159325025,임광3차정문
37150,4159325025,임광3차중문
37151,4159135024,독정3리.거묵골
37152,4159135024,독정3리
37153,4159332021,양노3리
37154,4159332021,양노리
37155,4159135024,독정4리
37156,4159135024,독정4리
37157,4159135023,꽃밭.식염온천
37158,4159135023,꽃밭.식염온천
37159,4159135023,용당골
37160,4159135023,수촌2리.용당골
37161,4159332024,삼화리.천산아파트
37162,4159332021,삼화리
37163,4159325025,임광1.2단지
37164,4159134021,하저3리.한미약품
37165,4159134021,하저3리.한미약품
37166,4159135023,성문
37167,4159135023,성문
37168,4159332024,천산아파트
37169,4159332021,천산아파트
37170,4159332021,비봉초등학교후문.삼화3리
37171,4159332021,비봉초등학교후문
37172,4159125324,상신3리.검정골
37173,4159134026,하저4리입구
37175,4159332024,비봉성당
37176,4159332025,비봉성당
37177,4159332021,과학화예비군훈련장앞
37179,4159134036,해창2리.능인대학원대학교
37181,4159134026,율암2리.쇄네
37182,4159134026,율암2리.쇄네
37183,4159332021,비봉중고교.비봉면행정복지센터
37184,4159125322,우림주공아파트
37185,4159332028,자안리
37186,4159332021,비봉중고교.비봉면행정복지센터
37188,4159332021,양노리
37189,4159332028,자안리
37190,4159134026,팔탄공단앞
37191,4159134026,팔탄공단앞
37192,4159332028,자안리
37193,4159331025,야목리
37194,4159331025,매송휴먼시아
37195,4159132034,육일1리입구
37196,4159132034,육일1리입구
37197,4159332028,청요사거리
37198,4159333028,신리주유소앞
37199,4159332027,청요사거리
37200,4159332025,구포리과수원
37201,4159134026,율암삼거리
37203,4159131025,바이오밸리
37204,4159134026,율암삼거리
37205,4159134035,해창1리.우리꽃식물원
37206,4159134035,해창1리.우리꽃식물원
37207,4159332025,구포리과수원
37208,4159134022,금산사입구
37209,4159134022,금산사입구
37210,4159331027,원리
37211,4159331027,원리
37212,4159332027,청요3리
37213,4159332027,청요3리마을회관
37214,4159331027,송라1리
37215,4159331026,송라리
37216,4159134035,매곡리
37217,4159134035,매곡리
37218,4159331025,야목1리
37219,4159510300,능동지성로사거리
37220,4159133030,고잔앞들
37221,4159133030,고잔앞들
37222,4159125329,백토2리
37223,4159134025,구장사거리.공구상가
37224,4159125323,한국폴리텍대학
37225,4159125323,한국폴리텍대학
37226,4159332027,청요리
37227,4159332027,청요2리
37228,4159134025,구장삼거리
37229,4159134025,구장삼거리
37230,4159125323,제암리
37231,4159125323,제암리
37232,4159332027,청요리
37233,4159332027,청요1리
37234,4159134029,지월리입구
37235,4159134029,지월리입구
37237,4159331024,숙곡리천불사
37238,4159331024,숙곡리천불사
37239,4159711500,반도8차
37240,4159134029,수목원
37241,4159134025,구장리새터말입구
37242,4159134029,수목원
37244,4159125329,백토2리
37245,4159125322,주공아파트
37246,4159332026,쌍학리
37247,4159325036,기천저수지
37248,4159125322,동양빌딩앞
37249,4159325036,기천저수지
37250,4159125322,우림아파트.화성노인회관
37251,4159134025,팔탄초등학교
37252,4159134025,팔탄초등학교
37253,4159134025,팔탄면행정복지센터
37254,4159134025,팔탄면행정복지센터
37255,4159125341,화성중고등학교
37256,4159125341,화성중고등학교
37257,4159134025,소동촌
37258,4159133021,전곡산업단지
37263,4159331023,매송면행정복지센터
37264,4159331023,매송면행정복지센터
37265,4159125321,발안농협
37266,4159125336,효원납골공원
37268,4159125321,발안사거리.평리
37269,4159125321,화성중앙병원.발안초등학교
37270,4159125341,장짐교차로
37271,4159125341,장짐교차로.축산농협
37273,4159125341,장짐교차로
37274,4159125326,하길중학교
37275,4159331023,매송농협
37276,4159331025,야목교차로
37277,4159125339,발안기업은행
37278,4159332021,비봉우체국
37279,4159332021,비봉우체국
37280,4159125340,방축리
37281,4159125340,방축리
37282,4159134024,가재4리.해병대보급중대
37283,4159125326,향남주공2단지
37284,4159125326,향남주공2단지
37285,4159134024,해병대보급중대
37286,4159125339,화성문화원.향남환승터미널
37287,4159125339,향남환승터미널
37288,4159125339,향남읍행정복지센터
37289,4159125339,향남읍행정복지센터
37290,4159331022,51사단
37291,4159331022,51사단
37292,4159331025,야목역
37294,4159134024,가재3리입구.가재4리
37295,4159331022,원평
37296,4159134024,가재3리.가재3리입구
37297,4159332021,천산아파트
37298,4159331022,매송초등학교
37299,4159331022,원평
37300,4159125329,백토사거리
37301,4159134024,가재3리.덕우공단입구
37302,4159134024,가재3리.덕우공단입구
37303,4159125339,한국아델리움.풍림아이원
37304,4159331022,전승아파트
37305,4159331022,전승아파트
37306,4159125326,양석골
37307,4159125327,양석골
37309,4159331021,일광사
37310,4159125338,관리고개
37311,4159125337,관리고개
37312,4159331021,천천리
37313,4159331021,천천리
37314,4159125328,상두1리
37315,4159125328,상두1리
37316,4159331021,천천리입구
37317,4159125336,관리입구
37318,4159125336,관리입구
37319,4159125328,상두2리
37320,4159125328,상두2리
37321,4159331021,천천리입구
37322,4159125336,동오사거리
37323,4159125336,동오사거리
37324,4159331021,삼미.쌍용아파트
37325,4159331021,삼미.쌍용아파트
37326,4159125336,동오리
37327,4159125336,동오리
37328,4159125336,아시아자동차
37329,4159125336,아시아자동차
37330,4159125335,송곡리
37331,4159125335,송곡리
37332,4159125335,길성리
37333,4159125335,길성리
37334,4159125335,갈천리
37335,4159125335,갈천리
37336,4159125334,증거리입구
37337,4159125334,증거리입구
37338,4159125329,백토사거리
37339,4159125333,갈천초등학교
37340,4159136024,배밭
37341,4159136024,배밭
37342,4159125333,갈천다리
37343,4159125333,갈천다리
37344,4159125326,제약단지.하길리입구
37345,4159136024,송산리입구.부처내고개
37346,4159136024,송산리입구.부처내고개
37347,4159125332,수직리
37348,4159125332,수직리
37349,4159136024,삼거리.원슈퍼.원마트
37350,4159136024,원슈퍼.삼거리
37351,4159136024,부처내
37352,4159510200,신한에스빌아파트
37353,4159310200,기안1통입구
37354,4159310200,기안1통입구
37355,4159134027,노하3리.장나루
37356,4159134027,노하3리.장나루
37357,4159133021,전곡삼거리마트
37358,4159125323,독립운동기념관
37359,4159133021,전곡1리마을회관
37360,4159134034,한국폴리텍대학
37361,4159134034,한국폴리텍대학
37363,4159132035,칠곡리
37364,4159132035,칠곡리
37368,4159125329,화리현리입구
37369,4159132021,육일리.육교동입구
37370,4159132021,육일리.육교동입구
37371,4159133021,전곡2리마을회관.운천동
37372,4159133021,전곡2리마을회관.운천동
37373,4159510100,주공11단지후문
37375,4159125326,제약단지.하길리입구
37376,4159125330,길성리
37377,4159136022,사창2리.요골
37378,4159125331,요리공단
37379,4159125331,요리공단
37380,4159125331,요꼴마을회관
37381,4159125339,백토2리
37382,4159125329,백토1리
37383,4159125329,백토1리
37384,4159325023,천천IC교차로
37385,4159325023,천천IC교차로
37387,4159333034,망월리.전경부대
37388,4159125030,노루물입구
37389,4159135021,장안초등학교
37391,4159125031,화산2리마을회관
37393,4159134021,수련개
37396,4159135021,어은1리
37397,4159125032,조암8리
37398,4159133022,상안리삼거리
37399,4159133030,해운경로당
37400,4159132030,마산1리
37401,4159132025,고정1리.큰한뿌리
37402,4159134026,율암1리
37403,4159711100,한원IC
37404,4159125021,원안2리
37405,4159125325,제약공단후문.구문천1리입구
37406,4159125324,화성상신도시숲
37407,4159125324,상신8리
37413,4159134034,고주리.동방산업단지
37414,4159125027,주곡2리입구
37415,4159125027,주곡1리마을회관
37416,4159135022,석포6리입구
37419,4159135022,석포6리(마파지)
37420,4159135022,석포6리입구
37421,4159135022,석포1리.한절
37422,4159135022,석포1리.돌서지
37423,4159134031,석포1리입구
37424,4159135022,석포삼거리
37427,4159125622,안석2리
37428,4159125322,우림아파트.화성노인회관
37429,4159135029,사곡2리
37430,4159135030,노진리
37431,4159135029,사곡사거리
37433,4159125030,양지편
37434,4159135029,사곡1리
37436,4159135030,노진5리
37437,4159134032,월문초등학교
37438,4159135022,석포2리
37439,4159125027,금의2리
37440,4159125026,만세길방문자센터.화수2리
37441,4159135022,석포3리
37442,4159135022,석포초등학교
37443,4159134031,서근리
37444,4159134032,월문초등학교
37445,4159135022,석포5리마을회관앞
37446,4159134027,정미소앞
37447,4159125027,주곡1리마을회관
37448,4159125023,뒷말
37449,4159125027,문화마을
37450,4159125026,호곡리
37451,4159125022,호곡1리
37452,4159125023,운평2리
37453,4159135021,어은1리
37454,4159135023,수촌3리
37455,4159132035,모즐저수지입구
37456,4159135023,수촌1리
37457,4159125325,구문천3리
37458,4159125325,구문천1리진입로
37459,4159125325,구문천1리진입로
37460,4159125325,발안산업단지
37461,4159125325,발안산업단지
37462,4159510100,태안119안전센터
37463,4159125327,화리현리
37464,4159125339,발안초등학교
37465,4159125329,백토1리
37466,4159510500,행림마을.삼성래미안
37467,4159125324,제약공단사원아파트앞
37468,4159125324,향남제약공단앞
37469,4159125326,구문천리
37470,4159125324,상신6리
37471,4159133022,당성(상안리).한국발효
37472,4159331025,매송휴먼시아
37473,4159134025,구장사거리.공구상가
37474,4159125031,화산삼거리
37475,4159125031,화산1리입구
37476,4159125030,기아후문입구
37477,4159125031,석천2리입구
37478,4159135029,사곡1리
37479,4159135025,장안6리
37480,4159325024,신동아파밀리에
37481,4159125032,조암시장남쪽입구
37482,4159133030,궁평교회
37483,4159333030,귀래리
37484,4159710500,센트럴푸르지오.반도유보라
37486,4159125032,조암4리앞
37487,4159125023,운평2리
37488,4159510300,능동고등학교
37490,4159132021,사강2리
37491,4159125026,화수사거리
37492,4159125022,호곡2리
37494,4159125025,멱우2리부대앞
37496,4159125032,우정읍사무소입구
37497,4159125032,삼괴중고등학교
37498,4159125028,이화리종점
37499,4159125028,이화리종점
37501,4159125627,무송2통.술현
37502,4159134021,하저리마을회관
37508,4159711100,장지동
37509,4159711100,한국제지
37510,4159710200,솔빛마을상가
37511,4159133021,전곡2리
37512,4159133021,전곡2리.산업단지
37514,4159135026,덕다2리앞
37515,4159134021,수련개
37516,4159510300,우남퍼스트빌
37517,4159125329,백토2리
37519,4159134027,노하3리
37520,4159134026,율암1리
37524,4159135029,산호아파트
37526,4159134031,석포삼거리
37527,4159125025,멱우1리
37528,4159333029,계양리(마을회관)
37529,4159325025,와우농협앞
37530,4159333027,문학4리.마을회관앞
37531,4159131025,청원산단로
37532,4159134026,율암3리.밤듸
37533,4159710200,개나리공원
37535,4159135025,장안4리(고잔)종점
37536,4159135025,장안8리
37538,4159135028,주곡1리입구
37539,4159132035,양지말입구
37543,4159125021,원안2리
37544,4159125021,원안3리
37545,4159125339,백토리상공회의소
37546,4159125327,화리현리
37547,4159134027,노하3리.백미정
37548,4159510400,참누리아파트.기산중학교
37549,4159710600,퍼스트파크.이지더원
37550,4159710600,상록.경남아파트.이주택지
37551,4159710500,반도1차.모아아파트
37552,4159131025,청원산단로
37553,4159710200,노작마을.한화우림
37554,4159710200,월드반도.노작마을
37555,4159710200,노작마을
37556,4159132034,육일리교차로
37557,4159132034,육일리교차로
37559,4159125327,수리재
37560,4159132024,용포1리
37561,4159331025,야목역
37562,4159131026,구리섬앞
37563,4159133023,광평삼거리
37564,4159133023,광평삼거리
37565,4159331023,어천역
37566,4159331023,어천역
37567,4159125621,기업은행
37568,4159333032,덕절리
37569,4159125331,요리
37570,4159333029,계향2리
37571,4159333029,계향2리
37572,4159333024,괘랑3리
37573,4159325025,북촌말앞
37574,4159510300,능리교차로
37575,4159332027,청요사거리
37576,4159332028,청요사거리
37578,4159133023,목성머리
37579,4159133023,광평주유소
37582,4159710600,포레너스아파트
37583,4159710600,동탄2LH4단지
37584,4159710200,새강마을.화성동탄중앙도서관
37585,4159710200,새강주공휴먼시아
37586,4159710200,탄요유적공원
37587,4159710300,예당마을.롯데캐슬(중)
37589,4159710200,센트럴파크뷰아파트(중)
37590,4159710200,센트럴파크뷰아파트(중)
37591,4159510200,정든공원
37592,4159510500,반월1통.반월삼거리
37593,4159135021,어은삼거리
37594,4159135021,어은삼거리
37596,4159136025,솔안
37597,4159711400,금곡동
37598,4159711400,DS.LCD
37599,4159331025,야목리
37600,4159325022,덕고개34
37602,4159132024,용포2리
37603,4159136024,쌍정2리
37605,4159333039,용수리
37606,4159333027,외골
37607,4159125025,멱우1리
37608,4159132026,쌍정2리.잿말
37609,4159132026,쌍정2리.잿말
37611,4159332023,유포2리
37612,4159332025,구포3리.쌍학리
37613,4159135024,농업기술센터
37614,4159331025,야목역
37615,4159710200,솔빛마을.신도브래뉴
37616,4159710200,노작마을.한화우림
37617,4159125337,하늘가장례식장
37618,4159136022,사창2리.요골
37619,4159135025,장안8리
37620,4159332026,쌍학리.구포3리
37622,4159125027,경신공업사
37623,4159125323,제암리입구
37624,4159134034,고주리.동방산업단지
37625,4159125321,발안사거리.평리
37626,4159134034,제암리입구
37627,4159125027,경신공업사
37634,4159135028,파카.3M
37635,4159133027,홍법리
37637,4159135028,노루오토코팅
37638,4159325023,수영리검사소
37639,4159325031,마하리
37640,4159325031,마하리앞
37641,4159333026,정승마을앞
37642,4159333026,정승마을앞
37644,4159333026,백2리앞
37645,4159333026,백1리
37646,4159333025,오일리
37650,4159333027,문학4리
37651,4159125336,동오리종점
37652,4159333027,동오첨단산업단지
37653,4159333027,동오첨단산업단지
37654,4159711000,서희스타힐스.단독주택
37657,4159510200,대창그린아파트
37658,4159711500,린스트라우스.한화
37659,4159711500,동탄2신도시홍보관
37660,4159711500,동탄2신도시홍보관
37661,4159710200,반석초등학교
37662,4159710200,동탄2동행정복지센터
37663,4159710500,우남퍼스트빌.자이
37664,4159710200,동탄홈플러스.다은마을삼성래미안
37666,4159710200,롯데캐슬.복합문화센터
37668,4159131025,바이오단지입구
37669,4159710200,반송고등학교
37670,4159133030,마루뜰
37671,4159710200,동탄2동행정복지센터
37672,4159710600,치동초등학교
37673,4159710200,포스코정문앞
37674,4159710600,한백고등학교
37675,4159325021,상봉초등학교
37676,4159125628,남양석산
37677,4159325024,동화휴먼시아6단지
37678,4159325024,동화중학교.동화초등학교
37679,4159325024,동화휴먼시아2단지
37680,4159325024,동화마을1단지.화성고용센터
37681,4159325021,동문아파트.협성대학교.봉담중고교
37682,4159710900,동원로얄듀크2차.목동초
37683,4159510200,구봉산근린공원
37684,4159710300,동탄이마트.한림대병원
37685,4159510200,구봉산근린공원
37686,4159325024,동화초중교
37688,4159325024,봉담택지지구
37689,4159125339,백토리상공회의소
37690,4159333027,정남농촌체험학교
37691,4159510300,능동주공단지
37692,4159710300,동탄이마트.한림대병원
37693,4159710200,다은마을(중)
37694,4159710200,동탄1동행정복지센터.헌혈의집
37695,4159710300,신일유토빌정문
37696,4159711000,레이크파크뷰
37697,4159710200,월드반도
37698,4159710200,솔빛동탄경남아너스빌
37699,4159710200,육탄10용사기념공원
37700,4159710200,라마다호텔
37701,4159710200,육탄10용사기념공원
37702,4159510600,반정동
37703,4159710200,센트럴파크
37704,4159510200,병점고등학교
37705,4159510300,리체더포레스트
37706,4159710200,주공휴먼시아후문
37707,4159710200,한화꿈에그린
37708,4159710200,주공휴먼시아후문
37709,4159510300,쌍용상록아파트
37710,4159510200,에듀포레
37711,4159710300,예당예원초
37712,4159710300,전하리교회.우미제일
37714,4159510300,모아포스코아파트
37716,4159125327,수리재
37717,4159510300,신일해피트리아파트
37718,4159510300,두산신일아파트
37719,4159510300,모아포스코아파트
37720,4159510300,두산신일아파트
37721,4159710200,새강주공휴먼시아
37722,4159510500,반월2통
37723,4159125336,유진레미콘
37724,4159711000,레이크파크뷰
37725,4159510100,색종이어린이공원
37726,4159510300,모아미래도2단지
37727,4159510300,리체더포레스트
37728,4159510200,병점고등학교
37729,4159332025,구포리입구
37730,4159510300,미즈파크병원
37731,4159333026,백리앞
37732,4159510300,모아미래도1단지
37733,4159710200,메타폴리스
37734,4159510300,한마음초교.광명메이루즈
37735,4159333026,백리앞
37736,4159510300,미즈파크병원
37737,4159710200,한화꿈에그린아파트
37738,4159510200,한신아파트
37739,4159510200,센트럴허브시티
37740,4159510300,자연앤아너스빌.한마음초교
37741,4159710200,금호어울림
37742,4159710200,센트럴파크
37743,4159710300,예당마을
37744,4159510300,능동주공단지
37745,4159710200,나루마을.한화꿈에그린2차
37746,4159510200,주공5단지
37747,4159710200,현대아이파크
37748,4159710200,신도브레뉴아파트
37749,4159710200,동탄1동행정복지센터.헌혈의집
37750,4159125032,조암한라비발디
37751,4159125622,화성서부경찰서
37752,4159131024,마도산업단지
37753,4159131024,마도교차로
37754,4159332028,자안리
37755,4159332021,과학화예비군훈련장앞
37756,4159325024,화성고용센터
37758,4159710300,예당예원초
37759,4159125325,발안공단로4길교차로
37760,4159710300,우미제일.전하리교회
37761,4159134022,창곡3리
37762,4159325024,동화휴먼시아6단지
37763,4159325021,상봉초등학교
37764,4159325021,동문아파트.협성대학교.봉담중고교
37765,4159325024,중심상가.화성고용센터
37766,4159134022,창곡3리.독골
37767,4159125621,현대아파트
37768,4159131024,마도산업단지
37769,4159133025,화남산단삼거리
37770,4159125325,발안공단로4길교차로
37771,4159125621,현대아파트
37772,4159134022,창곡2리교회앞
37773,4159325024,동화휴먼시아3.4단지.봉담우체국
37774,4159125621,남양중고입구.기아남양점
37776,4159125628,북양1리
37779,4159125326,하길1리
37780,4159133021,전곡삼거리마트
37782,4159133021,전곡삼거리
37783,4159133024,숲풀안앞
37784,4159133024,숲풀안앞
37785,4159125326,하길1리
37786,4159125336,유진레미콘
37787,4159510300,능동마을입구
37789,4159510300,모아미래도1단지
37790,4159125331,요리윗말입구
37791,4159135024,위닉스
37792,4159135021,어은삼거리
37793,4159135024,위닉스
37794,4159136021,양감면행정복지센터
37795,4159510200,주공6단지입구
37798,4159710300,롯데케슬정문
37799,4159510200,주공6단지
37800,4159135021,어은1리한양빌라앞
37801,4159510300,능동중학교
37802,4159510300,능동중학교
37803,4159510300,능동초등학교
37804,4159510300,능동초등학교
37807,4159510300,상록예가
37809,4159125341,장짐교차로.축산농협
37810,4159125324,상신초교입구
37811,4159125325,외국인복지센터
37812,4159125325,구문천공원
37814,4159125325,구문천5리(회차)
37817,4159125325,구문천공원
37818,4159125325,메탈산업단지
37820,4159135025,장안7리
37821,4159135025,장안6리
37822,4159135025,장안6리노인회관
37823,4159135025,장명초교입구
37829,4159125026,화수3리노인회관
37830,4159125026,화수3리입구
37833,4159125336,농심물류센터
37834,4159125031,장자터
37836,4159125030,매향3리회센터
37837,4159133030,궁평항
37838,4159125030,매향3리.가로지입구
37839,4159135029,장자터
37840,4159135023,발안식염온천
37841,4159135024,독정4리
37844,4159135028,금의1리복지회관
37845,4159125025,멱우2리회관앞
37846,4159710300,대우푸르지오.예당고등학교
37847,4159710300,동탄보건지소.우체국
37848,4159710200,우림필유
37849,4159710200,동탄고.동탄청소년문화의집
37850,4159510300,동탄고등학교
37851,4159710200,서해그랑블아파트
37852,4159710200,복합문화센터
37853,4159710300,동탄보건지소.우체국
37854,4159710300,대우푸르지오.예당고등학교
37855,4159136021,신왕리
37856,4159136021,양감초등학교.중학교
37858,4159136021,신왕2리마을회관
37859,4159333028,신리앞
37860,4159125336,효원납골공원
37861,4159125336,동오리종점
37862,4159333028,신리앞
37863,4159510300,자연앤데시앙
37864,4159710300,한림대병원(중)
37865,4159325021,봉담도서관.봉담읍행정복지센터
37866,4159133025,화남산단삼거리
37867,4159136026,요당3리
37868,4159136026,마을안삼거리
37869,4159125326,제약공단후문
37870,4159133021,봉화산입구
37872,4159331025,야목역
37874,4159332025,구포리입구
37875,4159125324,상신리
37876,4159125324,상신리
37878,4159333028,신리주유소앞
37879,4159710300,이마트.한림대병원
37881,4159325024,동일하이빌.화성고용센터
37882,4159325024,주공6단지
37883,4159325024,봉담중.고등학교
37884,4159132031,고포1리
37886,4159310200,기안2통.우방메가시티아파트
37887,4159710200,반송초중교
37888,4159710200,반송초중교
37889,4159710200,나루고등학교
37890,4159710200,나루고등학교
37891,4159710200,동양파라곤
37892,4159710200,동양파라곤
37893,4159133021,구름교차로
37895,4159125339,대방노블랜드.풍림아이원
37896,4159125339,향남중고등학교
37897,4159125339,한일베라체.행정초교
37898,4159125339,에일린의뜰.휴먼시아6단지
37899,4159125339,신명스카이뷰.휴먼시아5단지
37900,4159125339,신명스카이뷰.우미린
37901,4159125339,우미린아파트.향일고
37902,4159125339,향남지웰2차아파트
37903,4159125339,화성소방서.향남홈플러스
37904,4159134024,가재4리
37905,4159125341,신성미소지움아파트
37906,4159125341,신성미소지움아파트
37907,4159325023,수영오거리.수영지구
37908,4159325023,수영오거리.수영지구
37909,4159325023,수영초.우방아이유쉘1단지
37910,4159325023,수영초등학교
37911,4159325023,신창아파트
37912,4159125321,발안삼거리
37914,4159333032,덕절리
37918,4159135024,스마트밸리
37920,4159510300,능동마을입구
37921,4159133021,전곡항.서해랑케이블카
37923,4159133021,전곡1리마을회관
37924,4159133021,전곡삼거리
37925,4159133025,제부해수탕
37926,4159133024,장외리
37927,4159133023,느티나무앞
37928,4159133023,느티나무앞
37929,4159133024,장외리.오리골
37930,4159133024,장외리
37932,4159133021,전곡항.서해랑케이블카
37933,4159510200,유앤아이.화성시청소년수련관
37934,4159135024,독정리.큰마을
37935,4159510200,유앤아이.화성시청소년수련관
37937,4159133023,광평리.고래몰
37939,4159133023,광평리.고래몰
37940,4159125321,KEB하나은행발안지점
37941,4159125322,발안주공아파트
37942,4159135024,독정리.큰마을
37943,4159510300,자연앤아너스빌
37948,4159125623,창덕1통.잡재기
37949,4159332027,청요2리입구
37951,4159510300,숲속자연앤
37952,4159710200,숲속자연앤
37953,4159510300,모아미래도
37954,4159710300,IT단지(중)
37955,4159125336,농심물류센터
37956,4159125324,상신3리.검정골(좌회전전용)
37957,4159125339,상록하늘채
37958,4159125339,대방노블랜드
37959,4159133028,서신초등학교
37960,4159133028,서신초등학교
37961,4159136026,요당2리
37963,4159136025,용소2리
37964,4159136026,요당2리
37965,4159711500,신미주아파트
37966,4159325027,효행구청.분천리
37967,4159325021,장안대후문
37968,4159125032,조암한라비발디
37969,4159325021,협성대학교정문
37970,4159325024,동화중학교
37971,4159325021,봉담읍행정복지센터.봉담도서관
37972,4159325027,분천리.효행구청
37973,4159125623,현대기아연구소
37974,4159510300,모아미래도.자연앤
37975,4159510300,모아미래도.자연앤
37976,4159510300,푸른마을.두산위브
37977,4159510300,푸른마을.두산위브
37978,4159125339,신영지웰아파트
37983,4159510100,주공12단지
37984,4159510100,진안중앙교회
37985,4159510100,화남아파트
37986,4159510100,원룸단지앞
37987,4159136021,양감초중교
37988,4159710200,신일유토빌
37989,4159325023,봉담우방아이유쉘2단지
37990,4159125339,향남중고등학교
37991,4159125339,화성소방서.향남홈플러스
37992,4159125339,향남지웰2차아파트
37993,4159125339,에일린의뜰.휴먼시아6단지
37994,4159125339,신명스카이뷰
37995,4159125339,우미린아파트.향일고
37996,4159125339,신명스카이뷰.휴먼시아5단지
37998,4159125339,한일베라채
37999,4159125339,신영지웰아파트
55001,4159325024,동화휴먼시아2단지
55003,4159134025,구장사거리앞
55004,4159134022,창곡주유소앞
55005,4159134022,우렁골입구
55006,4159134022,자재이골입구
55007,4159134022,언창공단
55008,4159134030,덕우리.구운말
55009,4159510400,기산삼거리
55010,4159510400,기산삼거리
55011,4159510400,SK뷰2차아파트
55012,4159134025,구장사거리앞
55013,4159134022,창곡2리교회앞
55014,4159510200,신미주
55015,4159510400,SK뷰2차아파트
55016,4159510400,밀알교회
55017,4159134030,안덕우리
55018,4159134022,언창공단
55019,4159134022,창곡주유소앞
55020,4159510300,경남아너스빌
55021,4159510300,이지더원
55022,4159510300,동탄3동행정복지센터
55023,4159510300,크리스찬교회
55025,4159325035,화성그린환경센터
55026,4159134023,전원마을
55027,4159710900,힐스테이트동탄
55028,4159325021,이편한세상신봉담
55029,4159510600,반정리
55030,4159710600,늘봄초교.파크푸르지오
55031,4159510200,병점역.화성청년지원센터
55032,4159510600,반정리
55034,4159510100,병점역.화성청년지원센터
55035,4159510200,효성해링턴플레이스
55036,4159710600,늘봄초교.중흥더테라스
55037,4159510200,홈플러스
55038,4159510100,미득골마을
55039,4159134023,기천1리입구
55040,4159325024,동화휴먼시아5단지
55041,4159325024,임광그대가3단지
55042,4159325025,임광그대가3단지
55045,4159125339,도이초교.역사박물관
55049,4159325035,화성그린환경센터
55051,4159125339,한일베라체.화성파크드림
55053,4159125339,화성파크드림.한일베라체
55054,4159325024,동일하이빌.상봉초등학교
55055,4159325021,봉담호수공원.신협앞
55056,4159125622,화성시청역
55057,4159125326,향남부영11단지정문
55058,4159125622,신남3리
55059,4159125622,신남1리
55061,4159125624,신남3통
55062,4159325024,동화휴먼시아1단지.상봉초등학교
55064,4159125032,삼괴중고교
55065,4159125032,우정읍행정복지센터
55066,4159125032,우정읍행정복지센터
55067,4159125032,삼괴중고교
55068,4159333027,정남농촌체험학교
55069,4159136026,요당3리
55070,4159710600,지산마을
55071,4159136026,구문천리.돌래
55072,4159125325,구문천리.돌래
55073,4159125326,하길4리입구
55074,4159125325,하길4리입구
55075,4159125324,향남제약공단입구
55077,4159125032,조암시장
55078,4159135022,석포6리입구
55079,4159125339,화성종합경기타운사거리
55080,4159125339,신영지웰
55081,4159125339,단독주택단지
55082,4159125321,향남역.휴먼시아5.6블럭
55083,4159125338,화성종합운동장
55084,4159125339,에일린의뜰
55085,4159125339,단독주택단지
55086,4159510200,신한에스빌아파트앞
55087,4159332021,양노리
55088,4159710200,잎새지하차도
55089,4159711300,산척리
55090,4159711300,산척리
55091,4159711300,DM디스플레이
55092,4159711300,DM디스플레이
55093,4159125622,화성서부경찰서
55094,4159333028,정남행정복합센터
55095,4159125339,화성종합경기타운사거리
55096,4159131026,슬항3리
55097,4159333028,정남행정복합센터
55098,4159125338,만세구청.화성종합경기타운
55100,4159510300,한마음초교.광명메이루즈
55101,4159510300,나래울
55102,4159510300,나래울
55103,4159711300,한국지역난방공사
55104,4159125627,그린빌라.롤링힐스
55105,4159125627,그린빌라.롤링힐스
55106,4159331023,어천저수지
55107,4159331023,어천저수지
55108,4159125626,현대기아연구소
55109,4159125626,현대기아연구소
55110,4159125626,온석2리앞
55111,4159125626,온석2리앞
55112,4159125626,온석리입구
55113,4159125626,온석리입구
55114,4159125341,장짐삼거리앞
55115,4159125621,경기수협.보건소
55116,4159125621,경기수협.보건소
55117,4159125627,안장골입구
55118,4159125627,안장골입구
55119,4159134022,창곡1리
55120,4159134022,창곡1리
55121,4159510900,안녕4통.고수문
55122,4159510900,안녕4통.고수문
55123,4159125621,마도할인마트
55124,4159125621,마도할인마트
55125,4159332028,창곡1리입구
55126,4159134022,창곡1리입구
55127,4159125335,송곡리입구
55128,4159125335,송곡리입구
55129,4159125339,한국아델리움.풍림아이원
55130,4159710200,사랑의교회
55131,4159510500,반달마을
55132,4159510500,반달마을
55133,4159134024,가재1리입구.자연샘
55135,4159325024,동화휴먼시아1단지
55136,4159133028,영지
55137,4159133029,백미리입구
55138,4159133031,궁평보건지소
55139,4159325024,국민체육센터
55140,4159325024,국민체육센터
55142,4159125029,석천3리
55143,4159125031,기아2차아파트앞
55144,4159510300,모아미래도2단지
55145,4159510300,한마음초사거리
55146,4159510300,한마음초사거리
55147,4159710200,능동은행사거리.동탄시티병원
55150,4159510300,신일해피트리아파트
55151,4159125339,향남홈플러스
55152,4159125627,무봉천
55155,4159125627,장수터마을
55156,4159125341,장짐삼거리앞
55157,4159135028,주곡1리
55158,4159125021,운평리
55159,4159125021,운평리
55160,4159135021,거문들
55161,4159510900,안녕성당앞
55162,4159510900,남산공단입구
55163,4159510900,힘펠.남산공단
55164,4159510900,청광아파트
55165,4159510900,안녕11통
55166,4159510900,안녕11통
55167,4159510900,월드마트
55168,4159510900,월드마트
55171,4159510900,경기고속차고지
55172,4159132034,육일리마을회관
55173,4159125326,서봉마을19단지
55175,4159134026,하피랜드
55176,4159134026,하피랜드
55177,4159125627,무송그린빌리지
55178,4159125627,무송그린빌리지
55179,4159125621,남양타운
55180,4159125621,남양타운
55181,4159131024,쌍송1리앞
55182,4159131024,쌍송1리앞
55183,4159131024,마도유통상가앞
55184,4159131024,마도유통상가앞
55185,4159131024,쌍송2리앞
55186,4159131024,쌍송2리.산업단지내
55188,4159331022,매송초등학교
55189,4159132031,마산포종점
55190,4159132031,약방앞
55191,4159132031,약방앞
55192,4159132031,고포2리
55193,4159132030,마산2리
55194,4159132031,고포3리
55195,4159132031,고포3리
55196,4159132030,마산초교
55197,4159132030,신흥유원지
55198,4159132030,마산1리
55199,4159132030,마산1리.청촌농원
55200,4159132030,마산1리.청촌농원
55201,4159132030,마산1리마을회관
55202,4159132030,마산1리마을회관
55203,4159132033,중송1리
55204,4159132021,은진화학
55205,4159132021,은진화학
55206,4159132021,송산중학교
55207,4159132021,송산중학교
55208,4159133028,영지
55209,4159133029,백미리입구
55210,4159133031,궁평보건지소
55211,4159133029,백석
55212,4159133028,사곶입구
55214,4159133028,사곶입구
55215,4159133028,서신면행정복지센터
55216,4159133030,마루교차로
55217,4159133030,마루교차로
55218,4159133030,해운경로당
55219,4159136027,대양2리
55220,4159133031,해운교차로
55221,4159133031,해운교차로
55222,4159133029,백석
55223,4159133029,백석로입구
55224,4159133028,서신면행정복지센터
55225,4159133022,상안삼거리
55226,4159332025,비봉교차로
55228,4159510500,반월리
55230,4159510900,청광아파트
55231,4159510100,진안초교
55233,4159510200,에듀포레.신창2차아파트
55234,4159510200,센트럴뷰.병점2동복지센터
55235,4159510100,주공9단지
55236,4159331025,매송휴먼시아후문
55237,4159331025,매송휴먼시아후문
55238,4159125341,장짐삼거리
55239,4159125341,장짐삼거리
55240,4159133028,서신사거리
55241,4159133028,서신사거리
55242,4159711300,장지천
55243,4159711300,장지천
55244,4159325025,효행초등학교정문
55245,4159325025,임광그대가3단지
55246,4159325025,신명아파트
55247,4159325025,임광1.2단지입구
55248,4159131024,쌍송공단입구
55250,4159325025,아이파크정문
55251,4159325025,봉담휴먼빌아파트
55252,4159125339,향남홈플러스
55253,4159510500,삼성반도체후문
55254,4159125628,봉림사입구
55255,4159125628,봉림사입구
55256,4159134025,구장리새터말입구
55257,4159711300,방교동
55258,4159711300,방아다리마을
55259,4159125327,상두리맹산
55261,4159125334,귀래산업단지
55262,4159125334,귀래산업단지
55263,4159131025,청원2리
55265,4159131025,청원공단
55266,4159131025,청원초등학교
55269,4159510200,정든공원.리체더포레스트
55270,4159510900,안녕4통입구
55271,4159510900,안녕3통입구
55272,4159710200,나루고등학교
55273,4159134030,팔탄전자앞
55274,4159134030,화성제일병원
55275,4159134023,기천3리
55276,4159134023,기천3리.키울
55277,4159710200,동탄홈플러스
55278,4159125622,화성시청역
55279,4159510100,롯데시네마
55280,4159510200,안화고등학교
55281,4159510200,안화고등학교
55282,4159125326,향남부영9단지
55283,4159125326,향남부영9단지
55284,4159125326,향남부영10.11단지
55285,4159125326,향남주공1.2단지
55286,4159125326,향남주공1.2단지
55287,4159125326,향남부영3단지
55288,4159125326,향남부영3단지
55289,4159125326,향남부영7.롯데씨네마
55290,4159125326,향남모아8단지
55291,4159510200,롯데시네마
55292,4159710500,시범예미지.영천유치원
55293,4159710600,영천유치원.시범예미지
55294,4159510300,능동지성로사거리
55295,4159510300,성호아파트후문
55296,4159710500,한화.호반.대원
55297,4159710500,롯데캐슬.호반베르디움
55298,4159710500,무봉초
55299,4159710600,무봉초
55300,4159710600,단독주택
55301,4159710600,단독주택
55302,4159710600,치동천힐링마을
55303,4159710500,KCC스위첸
55304,4159710500,호반베르디움
55305,4159710600,이주택지.상록.경남아파트
55306,4159710600,퍼스트파크.이지더원
55307,4159710600,동탄2파출소.농협
55308,4159710600,대방디엠시티.센트럴상록
55309,4159710500,한화꿈에그린
55310,4159710500,한화꿈에그린
55311,4159710300,예당고사거리
55312,4159710300,예당고사거리
55313,4159710200,화성미디어센터
55314,4159710600,푸르지오.한미약품
55315,4159710600,한미약품.푸르지오
55316,4159710300,한림대성심병원
55317,4159125622,신남1리
55318,4159125622,안석2리
55319,4159125326,향남모아8단지
55320,4159125326,향남부영11단지
55321,4159125326,향남주공1단지
55322,4159125326,향남부영13단지
55323,4159125326,향남부영13단지
55324,4159331022,원평2리입구
55325,4159331022,원평2리입구.은혜교회
55326,4159325022,덕고개길
55327,4159325022,덕고개길
55331,4159125621,현대아이파크
55332,4159125326,향남부영10.11단지
55333,4159110100,세영리첼
55334,4159110100,세영리첼
55335,4159325023,힐스테이트.그랑드비체
55336,4159325023,그랑드비체.힐스테이트
55337,4159325023,수현초.수현중
55338,4159325023,수현초.수현중
55339,4159125326,서봉마을19단지
55340,4159710500,예솔초.호반2차.대원2차
55341,4159136022,사창리
55342,4159136022,사창리
55343,4159510900,융건릉사거리
55344,4159510900,융건릉사거리
55345,4159125628,북양산업단지
55346,4159125628,북양산업단지
55347,4159133025,제부도입구
55348,4159133024,장외리.오리골
55349,4159133025,제부도입구
55350,4159133024,돈말입구
55351,4159133025,돈말입구
55352,4159510100,미득골마을
55353,4159510100,진안초교
55354,4159134033,덕우리입구
55356,4159132034,코스코밸리아파트
55358,4159325025,신명아파트앞
55360,4159133022,상안2리교차로
55361,4159133022,상안2리교차로
55363,4159332023,유포리
55364,4159710300,잎새지하차도
55365,4159333023,보통3리
55366,4159333023,보통3리
55367,4159125326,하길4리종점
55368,4159125338,만세구청.화성종합경기타운
55369,4159125326,향남주공5단지
55370,4159125326,하길중학교
55371,4159131025,청원초등학교
55372,4159131025,청원공단
55373,4159131025,청원4리.막상공원
55374,4159131025,막산리
55375,4159131025,청원2리.창고앞
55376,4159131025,청원2리.수루지
55378,4159325024,신동아파밀리에
55379,4159332028,자안공단
55380,4159332021,양노리
55381,4159125326,롯데씨네마.향남부영7
55382,4159125326,향남주공5단지입구
55383,4159134036,송산테크노파크산업단지
55384,4159134036,송산테크노파크산업단지
55385,4159325021,화담고등학교
55386,4159134025,마곡마을입구
55387,4159134025,마곡마을입구
55388,4159135029,장안우체국
55389,4159135029,장안우체국
55390,4159125331,길성리입구
55391,4159125331,길성리입구
55393,4159332021,양노3리
55395,4159510200,병점구청.하나로마트
55396,4159125032,조암농협
55397,4159510200,화성보건소
55398,4159711500,동탄역(서측)
55399,4159711500,동탄역(동측)
55400,4159711500,금강1차.센트럴힐즈
55401,4159710900,호반베르디움3차
55402,4159711000,호반베르디움3차
55403,4159711500,동탄초교
55404,4159711500,더샵센트럴시티2차.행복주택
55405,4159711500,에일린의뜰.중흥S클래스
55406,4159710600,LH4단지후문
55407,4159710600,LH4단지후문
55409,4159711500,행복주택.동탄경찰서
55410,4159711500,중흥S클래스.에일린의뜰
55411,4159711500,반도유보라
55412,4159711500,반도유보라
55413,4159510100,황구지천.송산교앞
55414,4159510100,황구지천.송산교앞
55415,4159510900,병점성호플레르빌
55416,4159510200,병점성호플레르빌
55417,4159510900,대광빌라
55418,4159510900,대광빌라
55419,4159711200,우미린2차.호수부영3차
55420,4159711000,호수부영3차.우미린2차
55421,4159331026,송라리
55422,4159332027,추모공원
55423,4159332027,추모공원
55424,4159325024,효행초.한신더휴에듀파크
55425,4159325024,효행초등학교
55426,4159131025,바이오단지입구
55427,4159125621,남양뉴타운10단지
55431,4159510200,송화초교.양우내안애
55432,4159333039,용수말
55433,4159125621,남양뉴타운1단지
55434,4159125621,남양뉴타운4단지
55435,4159125621,남양동광뷰엘
55436,4159125621,남양동광뷰엘
55439,4159710200,능동은행사거리.동탄시티병원
55440,4159325025,쌍용아파트
55441,4159325025,봉담푸르지오.아이파크
55442,4159510500,반월초등학교
55443,4159325025,봉담푸르지오.아이파크
55444,4159711000,호반3차.창의고
55445,4159710900,호반3차.창의고
55446,4159711500,에일린의뜰아파트
55449,4159325024,동화휴먼시아5단지
55450,4159325024,동화휴먼시아1단지.새말입구
55451,4159333022,괘랑리
55452,4159333022,괘랑리
55453,4159331026,송라리
55454,4159510900,청광플러스원아파트
55455,4159310100,배양2리
55457,4159131027,해문1리
55458,4159131027,해문1리
55459,4159711400,삼지전자
55460,4159711400,삼지전자
55461,4159110100,비봉체육공원
55462,4159136022,경기도종합사격장
55463,4159125621,남양뉴타운10단지
55464,4159710900,창의고
55465,4159710900,창의고
55468,4159110100,비봉체육공원
55471,4159125622,현대기아자동차연구소
55472,4159125622,현대기아자동차연구소
55473,4159125622,장덕2통.현대자동차연구소
55474,4159711200,우미린.하우스디더레이크
55475,4159711200,방교초.레이크자이더테라스
55476,4159711200,하우스디더레이크.우미린
55478,4159125324,상신하길로주택
55479,4159125324,상신하길로주택
55480,4159125324,향남주공18단지
55481,4159125324,향남주공18단지
55482,4159125324,향남부영16단지
55483,4159125324,향남부영16단지
55484,4159711500,반도5차
55485,4159711500,반도5차
55486,4159710600,영내사거리
55487,4159710600,영내사거리
55488,4159711000,서희스타힐스.단독주택
55489,4159710900,한신더휴
55490,4159710900,힐스테이트.호반5차
55492,4159711500,반도유보라6차
55493,4159711500,반도유보라6차
55494,4159711500,디에트르퍼스티지
55496,4159710600,치동초등학교
55498,4159135021,어은리
55500,4159711000,호수부영6차.호수공원행복주택
55501,4159711000,호수공원행복주택.호수부영6차
55502,4159711000,센트리체.자연앤자이
55503,4159711100,자연앤자이.센트리체
55504,4159711000,센트럴시티.아이파크
55505,4159711100,아이파크.센트럴시티
55507,4159711500,신리천리베라마을
55508,4159711500,신리천리베라마을
55509,4159711500,신리천
55510,4159711500,신리천공원
55511,4159711500,의료복합
55512,4159710900,호반5차.르파비스
55513,4159710900,호반5차.르파비스
55514,4159133022,서신중학교후문
55515,4159133022,서신중학교후문
55516,4159710600,반도유보라6차
55517,4159711500,반도유보라6차
55522,4159711100,아이원.호수자이파밀리에
55523,4159711100,금호어울림.계룡리슈빌
55524,4159711000,동탄호수공원.센트럴시티
55525,4159711100,호반6차
55526,4159711100,롯데캐슬.제일풍경채
55527,4159711100,호수자이파밀리에
55528,4159711100,호수자이파밀리에.아이원
55529,4159711100,레이크반도9차
55530,4159711100,동탄2아이파크1단지
55531,4159711100,동탄2아이파크2단지
55532,4159711200,동탄호수공원
55533,4159711100,계룡리슈빌.금호어울림
55534,4159110100,금강팬테리움
55535,4159110100,금강팬트리움
55536,4159110100,대방노블랜드3차
55537,4159110100,반도유보라
55538,4159110100,반도유보라.아이비파크
55539,4159110100,반도유보라.아이비파크
55540,4159110100,새솔고
55541,4159110100,새솔고
55543,4159110100,이지더원
55544,4159110100,휴먼빌
55545,4159110100,금강팬테리움
55546,4159110100,대방노블랜드3차
55547,4159110100,에코팜타운
55548,4159110100,대방노블랜드1차
55549,4159110100,요진Y시티
55550,4159710900,베라체.목동초
55551,4159710900,목동초.베라체
55552,4159710900,e편한세상동탄
55553,4159710900,e편한세상동탄
55554,4159710900,목동중.금강4차
55555,4159710900,금강4차.목동중
55556,4159710900,한신더휴
55557,4159710900,경남아너스빌
55558,4159710900,호반베르디움5차
55559,4159710900,르파비스
55566,4159711000,정현초.청림중
55567,4159711000,호수부영3차
55571,4159510900,우방아파트입구
55572,4159510900,우방아이유쉘
55573,4159510100,진안도서관.다람산공원
55574,4159510100,다람산공원.진안도서관
55576,4159710900,신리입구
55577,4159711000,금강펜테리움2차
55578,4159711000,금강펜테리움2차
55579,4159710900,신리입구
55580,4159510300,파크자이2차
55581,4159510300,파크자이2차
55582,4159510300,파크자이1차
55583,4159510300,파크자이1차
55584,4159710600,동탄행복마을푸르지오아파트
55585,4159710600,현대트랜시스
55586,4159711000,서희스타힐스.레이크파크뷰
55587,4159711000,레이크파크뷰.서희스타힐스
55588,4159325021,한신아파트
55590,4159711100,화남초
55591,4159711200,동탄호수마을
55592,4159711100,레이크자연앤푸르지오
55593,4159711200,경기도시공사동탄사업단
55596,4159110100,대방노블랜드5차
55597,4159110100,대방노블랜드6차
55598,4159110100,대방노블랜드2차
55599,4159110100,대방노블랜드3차
55602,4159710600,현대트랜시스
55603,4159125627,롤링힐스
55604,4159510100,화남아파트
55605,4159710600,LH1단지.한양수자인
55606,4159710600,LH1단지.한양수자인
55607,4159710600,동탄파크자이정문
55608,4159710600,동탄파크자이정문
55609,4159710600,동탄파크이지더원.자이후문
55610,4159710600,동탄파크자이.이지더원후문
55611,4159710600,한양수자인.파크푸르지오
55612,4159710600,파크푸르지오.한양수자인
55613,4159710600,동탄첨단산업지구
55614,4159710600,동탄첨단산업지구
55615,4159125326,향남부영6단지
55616,4159135022,현대자동차출고센터
55617,4159135022,현대자동차출고센터
55618,4159325021,협성대정문
55619,4159710300,동탄제일병원
55620,4159710600,한백고등학교
55621,4159325023,수영리검사소
55622,4159333028,신리사거리
55623,4159333028,신리사거리
55625,4159711200,방교초.레이크자이더테라스
55626,4159711500,신미주아파트.포스코2차
55627,4159510500,신영통현대아파트1단지
55628,4159510500,신영통현대아파트1단지
55629,4159510500,반월동행정복지센터
55630,4159510500,복지회관
55631,4159510100,월드메르디앙
55632,4159510100,월드메르디앙
55633,4159310200,신미주아파트후문
55634,4159310200,신미주아파트후문
55635,4159310200,신미주아파트남문.예일유치원
55636,4159310200,신미주아파트남문.예일유치원
55637,4159332021,비봉면행정복지센터
55638,4159510300,주공6단지.리체더포레스트
55639,4159125621,남양도서관.동광뷰엘
55640,4159125621,남양도서관.동광뷰엘
55641,4159325021,장안대후문
55642,4159134026,율암드림마트앞
55643,4159134026,율암드림마트앞
55644,4159134027,대방초교
55645,4159134027,대방초교
55646,4159134027,명인제약
55647,4159134027,명인제약
55648,4159134030,덕우리.구운말
55649,4159134030,안덕우리
55650,4159134030,팔탄전자앞
55651,4159134030,화성제일병원
55652,4159125626,온석2리
55653,4159125626,온석2리
55654,4159134027,노하산업단지
55655,4159134027,노하산업단지
55656,4159134027,노하할인마트
55657,4159134027,노하할인마트
55658,4159125626,현대연구소입구
55659,4159125626,현대연구소입구
55660,4159135022,석포6리(마파지)
55662,4159711100,금호어울림레이크.우남더테라스
55663,4159710500,반도4차.동탄4동복지센터
55664,4159710600,퍼스트파크.선납숲공원
55665,4159711000,중흥클래스에듀
55666,4159711000,중흥클래스에듀
55670,4159325021,봉담2.LH2단지
55671,4159325021,봉담2.LH2단지
55672,4159325021,봉담초
55673,4159325021,봉담초
55675,4159125621,화성의과학대학교입구
55676,4159125621,화성의과학대학교입구
55677,4159125621,시티프라디움4차.현장민원실
55678,4159125628,남양뉴타운입구
55680,4159125621,우림필유
55681,4159125621,화성의과학대학교
55682,4159125621,남양뉴타운9단지
55683,4159125621,남양뉴타운9단지
55684,4159711100,호반6차.제일풍경채
55685,4159711100,호반6차.제일풍경채
55686,4159710600,센트럴자이
55687,4159710600,센트럴예미지
55691,4159510900,안녕남로
55692,4159333027,문학보건소
55693,4159125622,신남1리
55694,4159333021,보건지소앞
55695,4159333021,보건지소앞
55696,4159510500,신영통현대타운2단지
55697,4159510900,신한미지엔정문
55699,4159333029,황새말앞
55700,4159333029,황새말앞
55701,4159711000,반도10차
55702,4159134023,전원마을
55703,4159134026,율암온천
55704,4159710900,힐스테이트동탄
55705,4159325021,중흥S클래스더퍼스트
55706,4159325021,중흥S클래스더퍼스트
55711,4159325034,덕우공단입구
55712,4159325034,덕우공단입구
55713,4159134025,소동촌
55714,4159134025,청호인재개발원
55715,4159134025,청호인재개발원
55716,4159125322,만세구보건소앞
55717,4159711200,동탄레이크자이더테라스
55718,4159510400,SK뷰파크3차
55720,4159510500,SK뷰파크3차
55721,4159711200,동탄레이크자이더테라스
55723,4159510400,신미주SK뷰
55724,4159710200,동탄복합문화센터
55725,4159710200,화성미디어센터
55726,4159125326,향남부영3단지
55727,4159125326,향남부영3단지
55728,4159125326,향남주공1단지
55729,4159325034,덕우리
55730,4159711000,세정초남측
55731,4159711000,행복주택35단지
55732,4159711000,호수공원행복주택
55733,4159711200,동탄그랑파사쥬
55734,4159711100,계룡리슈빌
55735,4159125322,만세구보건소앞
55736,4159325023,봉담초사거리
55737,4159325023,봉담초사거리
55738,4159325021,공청2
55739,4159325021,공청2
55740,4159125326,향남2교차로
55741,4159125326,향남2교차로
55742,4159333024,관항2리
55743,4159325025,수원대입구
55744,4159325025,수원대입구
55745,4159125326,하길리
55746,4159510300,성호아파트후문
55747,4159711000,호수공원행복주택
55748,4159711000,행복주택35단지
55749,4159711000,세정초남측
55750,4159711000,반도10차
55751,4159711000,세정초.하우스디
55752,4159711100,행복주택28단지
55753,4159711100,행복주택28단지
55754,4159710600,동원4차.현대트랜시스
55755,4159710600,현대트랜시스.동원4차
55756,4159710600,선납숲공원.퍼스트파크
55757,4159325021,어울림공원
55758,4159325021,어울림공원
55759,4159325021,중흥에듀포레.에듀시티
55760,4159325021,화담중학교
55761,4159711500,이산고등학교
55762,4159711500,이산고등학교
55763,4159711100,한화포레나
55764,4159711200,한화포레나
55765,4159134023,기천3리.키울
55766,4159110100,별솔공원
55767,4159110100,별솔공원
55768,4159711100,화남초등학교
55769,4159325025,동보아파트
55770,4159110100,새솔동행정복지센터
55771,4159325025,쌍용아파트
55772,4159325025,동보아파트
55773,4159325025,영풍아파트입구
55774,4159710600,다원초.파크자이
55775,4159710600,다원초.파크자이
55776,4159110100,송린초교앞
55777,4159110100,송산그린시티EB2.3블록
55778,4159125326,향남부영11단지
55779,4159331022,내리
55781,4159711100,화남초등학교
55782,4159510900,우미린.LH2단지
55783,4159510900,LH2단지.우미린
55784,4159510900,우미린.LH1단지
55785,4159510900,LH1단지.우미린
55786,4159510900,우방아이유쉘.우미린
55787,4159510900,우미린센트포레.우방
55789,4159325021,봉황마을
55790,4159325021,봉황마을
55791,4159510900,안녕우방아이유쉘
55792,4159510300,모아미래도(마을)
55793,4159133024,전곡산단삼거리
55794,4159310100,배양초등학교
55795,4159310100,배양초등학교
55796,4159310200,융건로
55797,4159310200,융건로
55798,4159510900,융건릉사거리앞
55799,4159711000,쎈트럴써밋
55800,4159711000,쎈트럴써밋
55801,4159710800,제일풍경채.행복주택40단지
55802,4159710800,제일풍경채.행복주택40단지
55803,4159710800,디루체
55804,4159710800,디루체
55805,4159133024,전곡산단삼거리
55806,4159325023,봉담수정동남메리트
55807,4159325023,봉담수정동남메리트
55808,4159510800,남수원현대아파트정문앞
55809,4159125622,신남4리.외만리
55810,4159125622,신남4리.외만리
55811,4159125622,남양읍행정복지센터.서희스타힐스
55812,4159125622,남양읍행정복지센터.서희스타힐스
55814,4159710600,단독주택
55815,4159710800,호반써밋동탄
55816,4159710800,호반써밋동탄
55817,4159710800,동탄9동행정복지센터
55818,4159710800,동탄9동행정복지센터
55819,4159332021,비봉면행정복지센터
55820,4159310200,기안교차로
55821,4159310200,기안교차로
55822,4159710600,단독주택
55823,4159332028,자안공단
55824,4159125621,남양뉴타운20.19단지
55825,4159125621,남양뉴타운19.20단지
55827,4159125628,불이원.묘희원
55828,4159332024,삼화2리
55829,4159332024,삼화2리
55832,4159110100,유포교차로
55833,4159110100,유포교차로
55834,4159136027,동양콘크리트입구
55835,4159136027,신한바이오캠
55836,4159136027,대양3리입구
55837,4159136027,대양3리입구
55838,4159136027,동양콘크리트입구
55839,4159136027,신한바이오캠
55840,4159332021,양노리입구
55841,4159332021,양노리입구
55842,4159332021,양노공단
55843,4159332021,양노공단
55844,4159332021,양노공단입구
55845,4159332021,양노공단입구
55846,4159134028,덕천리삼거리
55847,4159134030,덕우리마을입구
55848,4159134030,누락골
55849,4159134030,누락골
55850,4159134030,덕우리마을입구
55851,4159325036,상기2리
55852,4159710600,동탄테크노벨리(중)
55853,4159710600,현대트랜시스(중)
55854,4159710600,현대트랜시스(중)
55855,4159710600,동탄테크노벨리(중)
55857,4159332024,큰말
55858,4159332024,잿말
55859,4159332024,잿말
55861,4159132030,신흥유원지
55862,4159132030,마산초교
55863,4159132030,마산2리
55864,4159132031,고포2리
55865,4159132031,고포1리
55866,4159132031,마산포
55870,4159332024,건농골교차로
55871,4159332024,건농골교차로
55872,4159125626,온석1교차로
55873,4159125626,온석1교차로
55874,4159325024,에듀시티파라곤
55875,4159325024,에듀시티파라곤
55879,4159134023,대한불교조계종앞
55880,4159134023,기천1리입구
55881,4159134023,기천1리.청솔마을
55882,4159134023,기천1리.청솔마을
55883,4159134023,기천3리
55884,4159325021,삼봉근린공원
55885,4159125626,온석교차로
55886,4159125626,온석교차로
55887,4159325021,생태체육공원
55888,4159125626,주유소앞
55890,4159711500,행복주택.동탄경찰서(좌회전전용)
55892,4159325023,중흥에듀파크
55893,4159325021,엘크루루엘리안.중흥에듀파크
55894,4159325021,신수마을
55895,4159325021,신수마을
55896,4159325021,엘크루루엘리안.중흥에듀파크
55897,4159325023,중흥에듀파크
55899,4159710600,LH4단지.치동천복지관
55900,4159710600,LH4단지.치동천복지관
55901,4159710700,무봉산자연휴양림
55903,4159711500,중흥S더테라스3차
55904,4159510800,안녕초등학교
55905,4159510800,안녕초등학교
55906,4159510300,상록예가아파트정문앞
55907,4159510300,상록예가아파트정문앞
55908,4159125628,북양교차로
55909,4159110100,리안비채
55910,4159134026,율암3리.밤뒤
55912,4159710800,금강펜테리움.힐스테이트
55913,4159710800,힐스테이트.금강펜테리움
55914,4159710800,C10
55915,4159710800,C10
55916,4159325024,와우중고교
55917,4159325024,와우중고교
55921,4159325023,중흥에듀파크정문
55922,4159325023,중흥에듀파크정문
55923,4159325035,에코센터입구
55924,4159125339,주공7단지
55925,4159125321,향남역
55926,4159125321,향남역
55927,4159710600,동원로얄듀크
55928,4159125621,현장민원실.시티프라디움4차
55929,4159125621,e편한세상남양뉴타운아파트
55930,4159332025,비봉교차로
55931,4159510100,중심상가사거리
55932,4159510100,중심상가사거리
55933,4159510800,남수원현대아파트정문
55934,4159710800,(임시)e편한세상동탄파크아너스
55935,4159710300,영천교삼거리
55936,4159710300,영천교삼거리
55937,4159710600,경기남부직업능력개발원
55938,4159711100,서연초
55939,4159711100,서연초
55940,4159134025,구장산업단지
55941,4159134025,마곡산업단지
55943,4159510300,능동양우내안에아파트
55944,4159510300,능동양우내안에아파트
55945,4159711200,ASML(B동)
55946,4159711200,ASML(A동)
55947,4159711200,동탄레이크원
55954,4159132033,중송2리
55955,4159710800,동탄숨마데시앙
55956,4159710800,동탄아테라파밀리에
55957,4159710800,동탄아테라파밀리에
55958,4159710800,동탄숨마데시앙
55965,4159710800,현민초등학교
55966,4159710800,현민초등학교
55967,4159710600,경기남부직업능력개발원
55968,4159711500,반도유보라.삼정그린코아
55969,4159711500,반도유보라.삼정그린코아
55970,4159710800,(임시)55단지
55971,4159710800,(임시)55단지
55972,4159710800,(임시)행복주택
55973,4159710800,(임시)행복주택
55974,4159710800,동탄파크릭스
55976,4159132021,송산게이트볼장
55977,4159325024,(임시)자이라젠느.중흥S센트럴에듀
55978,4159325024,(임시)자이라젠느.중흥S센트럴에듀
55979,4159125621,화성의과학대학교
55980,4159110100,모아앞삼거리
55981,4159110100,모아앞삼거리
55982,4159710800,동탄파크릭스
55983,4159711200,호수마을푸르지오시티
55984,4159711200,호수마을푸르지오시티
55987,4159132033,묫골
55988,4159711500,동탄여울공원
55989,4159711500,동탄여울공원
55990,4159711200,동탄레이크자이더테라스후문
55991,4159711200,동탄레이크자이더테라스후문
55992,4159110100,새솔동행정복지센터
55998,4159711100,융건릉
55999,4159711100,융건릉
60001,4159132027,각골입구
60002,4159132033,각골입구
60003,4159132027,천등1리.등굴
60004,4159132027,천등1리.등굴
60005,4159132027,천등3리.새말
60006,4159132027,천등3리.새말
60007,4159133026,동미산입구
60009,4159133032,사곶리마을회관
60018,4159332025,비봉LH아파트
60019,4159332025,비봉LH아파트
60020,4159332025,비봉상업지구
60021,4159332025,비봉상업지구
60022,4159131025,바이오단지종점
60023,4159131025,바이오단지종점
60024,4159131025,청원3리
60025,4159131025,청원3리
60026,4159125627,활초리입구
60027,4159125625,활초교회
60029,4159136026,요당리
60030,4159136026,요당성지
60033,4159136021,충만주유소
60035,4159125621,헤르만하우스남양
60036,4159125621,음실골
60037,4159125621,금강아파트
60039,4159125622,서희스타힐스3.1단지
60040,4159125622,서희스타힐스1.3단지
60041,4159131021,마도파출소
60043,4159134021,하저교회앞
60044,4159134021,은성정밀앞
60045,4159134021,은성정밀앞
60046,4159125324,상신3리입구.한양수자인
60047,4159125324,상신3리입구.한양수자인
60048,4159125326,하길리입구
60049,4159125326,하길리입구
60050,4159125326,하길1리종점
60057,4159125625,활초리마을회관
60058,4159125624,살곶이
60060,4159132029,독지1리.돌내입구
60061,4159132029,독지2리.문지마을
60062,4159132029,독지리종점
60063,4159132029,독지2리.문지마을
60064,4159133025,제부도유원지
60065,4159132029,독지1리.돌내입구
60066,4159131021,마도농협
60067,4159133025,제부도교차로
60068,4159133025,제부도교차로
60070,4159331024,숙곡1리
60071,4159331024,숙곡1리입구
60074,4159132026,사강3리
60075,4159132026,쌍정리
60076,4159132026,쌍정2리
60077,4159132029,독지2리입구
60078,4159132029,독지2리입구
60082,4159131021,화도중학교입구
60083,4159331024,숙곡1리입구
60087,4159125324,제약공단공원
60088,4159125324,제약공단공원
60090,4159125324,향남언덕마을15단지
60091,4159125324,상신3리입구
60092,4159125622,신남3통마을회관
60094,4159125622,장덕1리입구
60100,4159125622,신남3통
60101,4159125622,신남3통
60102,4159133028,서신성당
60103,4159125625,활초삼거리
60104,4159125624,안석1리마을회관
60105,4159125624,안석1리
60107,4159125624,서울종묘앞
60109,4159131021,마도면행정복지센터
60111,4159331024,숙곡리삼거리
60112,4159331024,숙곡리
60113,4159133026,일마레앞
60114,4159331023,찬우물
60115,4159331023,찬우물
60116,4159331023,어천2리마을회관앞
60117,4159331023,어천2리마을회관앞
60118,4159125622,화성시청역1번출구
60119,4159331024,연화사입구
60120,4159332024,(임시)청연초등학교
60121,4159332024,(임시)비봉LH5단지
60122,4159332024,(임시)호반써밋.금강펜테리움
60123,4159332024,(임시)호반써밋.금강펜테리움
60124,4159332024,(임시)비봉LH5단지
60125,4159332024,(임시)청연초등학교
60126,4159125324,화성시치매안심센터
60127,4159125324,화성시치매안심센터
60128,4159125622,남양읍행정복지센터
60129,4159125622,남양읍행정복지센터
60130,4159132031,어도종점
60131,4159125625,우리중앙교회
60132,4159331024,함백산추모공원
60133,4159331024,함백산추모공원
60134,4159125325,구문천4리입구
60135,4159125325,구문천4리입구
60137,4159125338,만세구청
60138,4159125338,만세구청
60139,4159131025,청원낚시터앞
60140,4159131027,해문2리마을회관
60141,4159131027,해문2리마을회관
60144,4159133030,궁평관광지
60145,4159133030,궁평관광지
60146,4159133031,화성서해마루
60147,4159133031,화성서해마루
60150,4159133031,백미항
60151,4159133031,백미항
60152,4159133031,함박산입구
60154,4159133025,양짓말
60155,4159125324,향남주공18단지후문
77101,4159710900,한신더휴
77102,4159710500,신안2차.반도4차
77104,4159710600,동원.다원중
77105,4159710900,베라체아파트
77106,4159710500,예솔초.호반2차.대원2차
77107,4159710600,동원.다원중
77108,4159710600,상록.경남아파트.이주택지
77109,4159710500,반도4차.동탄4동복지센터
77110,4159710500,센트럴푸르지오.호반베르디움2차
77111,4159710500,청목초.신안1차
77112,4159710900,동원로얄듀크2차.목동초
77113,4159710900,힐스테이트.호반5차
